{"mean": [0.0002709154508208171, 0.03658250719708775, 16.446018635725757, 2.463490095239817, 0.0011267849474290465, 32.45613974242167, 0.09321084433483197, 0.7132380441104581, 29.747300784722427, 6.556452099221992, 0.7563693122668397, 8.454672112945076, 3.513561743316292, 0.6558685130000553], "std": [0.00013622702605441193, 0.005209340535144006, 5.839942205897679, 0.9263846906747544, 0.00015001930461491965, 1.441607365163906, 0.006201872630667546, 0.04538947727890486, 3.200011182713654, 0.15354337941293997, 0.08078723111904772, 0.7701065480401305, 0.10626608526138628, 0.04693481648032745]}