ISO-10303-21;
HEADER;
FILE_DESCRIPTION(('CATIA V5 STEP Exchange'),'2;1');

FILE_NAME('C:\\Users\\admin\\Documents\\CAD\\Projekte\\0010_Haus\\PV-Anlage\\XT90_thingiverse\\XT90-F.stp','2025-05-03T22:31:28+00:00',('none'),('none'),'CATIA Version 5 Release 19 SP 2 (IN-10)','CATIA V5 STEP AP203','none');

FILE_SCHEMA(('CONFIG_CONTROL_DESIGN'));

ENDSEC;
/* file written by CATIA V5R19 */
DATA;
#5=PRODUCT('XT90-F','','',(#2)) ;
#1=APPLICATION_CONTEXT('configuration controlled 3D design of mechanical parts and assemblies') ;
#14=PRODUCT_DEFINITION('',' ',#6,#3) ;
#16=SECURITY_CLASSIFICATION(' ',' ',#15) ;
#15=SECURITY_CLASSIFICATION_LEVEL('unclassified') ;
#47=CARTESIAN_POINT(' ',(0.,0.,0.)) ;
#52=CARTESIAN_POINT('Axis2P3D Location',(0.,0.,5.4)) ;
#57=CARTESIAN_POINT('Line Origine',(-0.9,-8.15,5.4)) ;
#61=CARTESIAN_POINT('Vertex',(-1.3,-8.15,5.4)) ;
#63=CARTESIAN_POINT('Vertex',(-0.5,-8.15,5.4)) ;
#66=CARTESIAN_POINT('Line Origine',(-0.5,-1.7,5.4)) ;
#70=CARTESIAN_POINT('Vertex',(-0.5,4.75,5.4)) ;
#73=CARTESIAN_POINT('Line Origine',(-0.9,4.75,5.4)) ;
#77=CARTESIAN_POINT('Vertex',(-1.3,4.75,5.4)) ;
#80=CARTESIAN_POINT('Line Origine',(-1.3,-1.7,5.4)) ;
#92=CARTESIAN_POINT('Axis2P3D Location',(-1.3,-8.15,0.)) ;
#97=CARTESIAN_POINT('Line Origine',(-0.5,-8.15,5.2)) ;
#101=CARTESIAN_POINT('Vertex',(-0.5,-8.15,5.)) ;
#104=CARTESIAN_POINT('Line Origine',(-1.3,-8.15,5.2)) ;
#108=CARTESIAN_POINT('Vertex',(-1.3,-8.15,5.)) ;
#111=CARTESIAN_POINT('Line Origine',(-0.9,-8.15,5.)) ;
#123=CARTESIAN_POINT('Axis2P3D Location',(-0.5,4.75,0.)) ;
#128=CARTESIAN_POINT('Line Origine',(-0.5,-1.7,5.)) ;
#132=CARTESIAN_POINT('Vertex',(-0.5,4.75,5.)) ;
#135=CARTESIAN_POINT('Line Origine',(-0.5,4.75,5.2)) ;
#147=CARTESIAN_POINT('Axis2P3D Location',(-0.5,4.75,0.)) ;
#152=CARTESIAN_POINT('Line Origine',(-1.3,4.75,5.2)) ;
#156=CARTESIAN_POINT('Vertex',(-1.3,4.75,5.)) ;
#159=CARTESIAN_POINT('Line Origine',(-0.9,4.75,5.)) ;
#171=CARTESIAN_POINT('Axis2P3D Location',(-1.3,-8.15,0.)) ;
#176=CARTESIAN_POINT('Line Origine',(-1.3,-1.7,5.)) ;
#188=CARTESIAN_POINT('Axis2P3D Location',(0.,0.,-5.4)) ;
#193=CARTESIAN_POINT('Line Origine',(-1.3,-1.7,-5.4)) ;
#197=CARTESIAN_POINT('Vertex',(-1.3,4.75,-5.4)) ;
#199=CARTESIAN_POINT('Vertex',(-1.3,-8.15,-5.4)) ;
#202=CARTESIAN_POINT('Line Origine',(-0.9,4.75,-5.4)) ;
#206=CARTESIAN_POINT('Vertex',(-0.5,4.75,-5.4)) ;
#209=CARTESIAN_POINT('Line Origine',(-0.5,-1.7,-5.4)) ;
#213=CARTESIAN_POINT('Vertex',(-0.5,-8.15,-5.4)) ;
#216=CARTESIAN_POINT('Line Origine',(-0.9,-8.15,-5.4)) ;
#228=CARTESIAN_POINT('Line Origine',(-1.3,-8.15,-5.2)) ;
#232=CARTESIAN_POINT('Vertex',(-1.3,-8.15,-5.)) ;
#235=CARTESIAN_POINT('Line Origine',(-0.5,-8.15,-5.2)) ;
#239=CARTESIAN_POINT('Vertex',(-0.5,-8.15,-5.)) ;
#242=CARTESIAN_POINT('Line Origine',(-0.9,-8.15,-5.)) ;
#254=CARTESIAN_POINT('Line Origine',(-0.5,-1.7,-5.)) ;
#258=CARTESIAN_POINT('Vertex',(-0.5,4.75,-5.)) ;
#261=CARTESIAN_POINT('Line Origine',(-0.5,4.75,-5.2)) ;
#273=CARTESIAN_POINT('Line Origine',(-1.3,4.75,-5.2)) ;
#277=CARTESIAN_POINT('Vertex',(-1.3,4.75,-5.)) ;
#280=CARTESIAN_POINT('Line Origine',(-0.9,4.75,-5.)) ;
#292=CARTESIAN_POINT('Line Origine',(-1.3,-1.7,-5.)) ;
#304=CARTESIAN_POINT('Line Origine',(-6.3,-3.7,5.4)) ;
#308=CARTESIAN_POINT('Vertex',(-7.,-3.7,5.4)) ;
#310=CARTESIAN_POINT('Vertex',(-5.6,-3.7,5.4)) ;
#313=CARTESIAN_POINT('Line Origine',(-5.6,0.,5.4)) ;
#317=CARTESIAN_POINT('Vertex',(-5.6,3.7,5.4)) ;
#320=CARTESIAN_POINT('Line Origine',(-6.3,3.7,5.4)) ;
#324=CARTESIAN_POINT('Vertex',(-7.,3.7,5.4)) ;
#327=CARTESIAN_POINT('Line Origine',(-7.,-4.4408920985E-016,5.4)) ;
#339=CARTESIAN_POINT('Axis2P3D Location',(-7.,-3.7,0.)) ;
#344=CARTESIAN_POINT('Line Origine',(-5.6,-3.7,5.2)) ;
#348=CARTESIAN_POINT('Vertex',(-5.6,-3.7,5.)) ;
#351=CARTESIAN_POINT('Line Origine',(-7.,-3.7,5.2)) ;
#355=CARTESIAN_POINT('Vertex',(-7.,-3.7,5.)) ;
#358=CARTESIAN_POINT('Line Origine',(-6.3,-3.7,5.)) ;
#370=CARTESIAN_POINT('Axis2P3D Location',(-5.6,3.7,0.)) ;
#375=CARTESIAN_POINT('Line Origine',(-5.6,0.,5.)) ;
#379=CARTESIAN_POINT('Vertex',(-5.6,3.7,5.)) ;
#382=CARTESIAN_POINT('Line Origine',(-5.6,3.7,5.2)) ;
#394=CARTESIAN_POINT('Axis2P3D Location',(-5.6,3.7,0.)) ;
#399=CARTESIAN_POINT('Line Origine',(-7.,3.7,5.2)) ;
#403=CARTESIAN_POINT('Vertex',(-7.,3.7,5.)) ;
#406=CARTESIAN_POINT('Line Origine',(-6.3,3.7,5.)) ;
#418=CARTESIAN_POINT('Axis2P3D Location',(-7.,-3.7,0.)) ;
#423=CARTESIAN_POINT('Line Origine',(-7.,-4.4408920985E-016,5.)) ;
#435=CARTESIAN_POINT('Line Origine',(-7.,-4.4408920985E-016,-5.4)) ;
#439=CARTESIAN_POINT('Vertex',(-7.,3.7,-5.4)) ;
#441=CARTESIAN_POINT('Vertex',(-7.,-3.7,-5.4)) ;
#444=CARTESIAN_POINT('Line Origine',(-6.3,3.7,-5.4)) ;
#448=CARTESIAN_POINT('Vertex',(-5.6,3.7,-5.4)) ;
#451=CARTESIAN_POINT('Line Origine',(-5.6,0.,-5.4)) ;
#455=CARTESIAN_POINT('Vertex',(-5.6,-3.7,-5.4)) ;
#458=CARTESIAN_POINT('Line Origine',(-6.3,-3.7,-5.4)) ;
#470=CARTESIAN_POINT('Line Origine',(-7.,-3.7,-5.2)) ;
#474=CARTESIAN_POINT('Vertex',(-7.,-3.7,-5.)) ;
#477=CARTESIAN_POINT('Line Origine',(-5.6,-3.7,-5.2)) ;
#481=CARTESIAN_POINT('Vertex',(-5.6,-3.7,-5.)) ;
#484=CARTESIAN_POINT('Line Origine',(-6.3,-3.7,-5.)) ;
#496=CARTESIAN_POINT('Line Origine',(-5.6,0.,-5.)) ;
#500=CARTESIAN_POINT('Vertex',(-5.6,3.7,-5.)) ;
#503=CARTESIAN_POINT('Line Origine',(-5.6,3.7,-5.2)) ;
#515=CARTESIAN_POINT('Line Origine',(-7.,3.7,-5.2)) ;
#519=CARTESIAN_POINT('Vertex',(-7.,3.7,-5.)) ;
#522=CARTESIAN_POINT('Line Origine',(-6.3,3.7,-5.)) ;
#534=CARTESIAN_POINT('Line Origine',(-7.,-4.4408920985E-016,-5.)) ;
#546=CARTESIAN_POINT('Axis2P3D Location',(0.,-10.45,5.)) ;
#551=CARTESIAN_POINT('Line Origine',(-4.,-9.45,5.)) ;
#555=CARTESIAN_POINT('Vertex',(-8.,-9.45,5.)) ;
#557=CARTESIAN_POINT('Vertex',(0.,-9.45,5.)) ;
#560=CARTESIAN_POINT('Line Origine',(0.,-1.15,5.)) ;
#564=CARTESIAN_POINT('Vertex',(0.,7.15,5.)) ;
#567=CARTESIAN_POINT('Line Origine',(-4.,7.15,5.)) ;
#571=CARTESIAN_POINT('Vertex',(-8.,7.15,5.)) ;
#574=CARTESIAN_POINT('Line Origine',(-8.,-1.15,5.)) ;
#598=CARTESIAN_POINT('Axis2P3D Location',(0.,7.15,-5.)) ;
#603=CARTESIAN_POINT('Line Origine',(-4.,-9.45,-5.)) ;
#607=CARTESIAN_POINT('Vertex',(-8.,-9.45,-5.)) ;
#609=CARTESIAN_POINT('Vertex',(0.,-9.45,-5.)) ;
#612=CARTESIAN_POINT('Line Origine',(-8.,-1.15,-5.)) ;
#616=CARTESIAN_POINT('Vertex',(-8.,7.15,-5.)) ;
#619=CARTESIAN_POINT('Line Origine',(-4.,7.15,-5.)) ;
#623=CARTESIAN_POINT('Vertex',(0.,7.15,-5.)) ;
#626=CARTESIAN_POINT('Line Origine',(0.,-1.15,-5.)) ;
#650=CARTESIAN_POINT('Axis2P3D Location',(0.,7.15,-5.)) ;
#655=CARTESIAN_POINT('Line Origine',(-8.,8.8,-3.9)) ;
#659=CARTESIAN_POINT('Vertex',(-8.,10.45,-2.8)) ;
#662=CARTESIAN_POINT('Line Origine',(-4.,10.45,-2.8)) ;
#666=CARTESIAN_POINT('Vertex',(0.,10.45,-2.8)) ;
#669=CARTESIAN_POINT('Line Origine',(0.,8.8,-3.9)) ;
#681=CARTESIAN_POINT('Axis2P3D Location',(0.,10.45,-2.8)) ;
#686=CARTESIAN_POINT('Line Origine',(-8.,10.45,-4.4408920985E-016)) ;
#690=CARTESIAN_POINT('Vertex',(-8.,10.45,2.8)) ;
#693=CARTESIAN_POINT('Line Origine',(-4.,10.45,2.8)) ;
#697=CARTESIAN_POINT('Vertex',(0.,10.45,2.8)) ;
#700=CARTESIAN_POINT('Line Origine',(0.,10.45,-4.4408920985E-016)) ;
#712=CARTESIAN_POINT('Axis2P3D Location',(0.,10.45,2.8)) ;
#717=CARTESIAN_POINT('Line Origine',(-8.,8.8,3.9)) ;
#722=CARTESIAN_POINT('Line Origine',(0.,8.8,3.9)) ;
#734=CARTESIAN_POINT('Axis2P3D Location',(-4.,-9.45,4.)) ;
#739=CARTESIAN_POINT('Axis2P3D Location',(-8.881784197E-016,-9.45,4.)) ;
#743=CARTESIAN_POINT('Vertex',(0.,-10.45,4.)) ;
#746=CARTESIAN_POINT('Axis2P3D Location',(-8.,-9.45,4.)) ;
#750=CARTESIAN_POINT('Vertex',(-8.,-10.45,4.)) ;
#753=CARTESIAN_POINT('Line Origine',(-4.,-10.45,4.)) ;
#765=CARTESIAN_POINT('Axis2P3D Location',(0.,-10.45,5.)) ;
#770=CARTESIAN_POINT('Line Origine',(0.,-10.45,0.)) ;
#774=CARTESIAN_POINT('Vertex',(0.,-10.45,-4.)) ;
#777=CARTESIAN_POINT('Line Origine',(-8.,-10.45,0.)) ;
#781=CARTESIAN_POINT('Vertex',(-8.,-10.45,-4.)) ;
#784=CARTESIAN_POINT('Line Origine',(-4.,-10.45,-4.)) ;
#796=CARTESIAN_POINT('Axis2P3D Location',(-4.,-9.45,-4.)) ;
#801=CARTESIAN_POINT('Axis2P3D Location',(-8.881784197E-016,-9.45,-4.)) ;
#806=CARTESIAN_POINT('Axis2P3D Location',(-8.,-9.45,-4.)) ;
#818=CARTESIAN_POINT('Axis2P3D Location',(0.,0.,0.)) ;
#833=CARTESIAN_POINT('Line Origine',(0.,-9.7,-8.881784197E-016)) ;
#837=CARTESIAN_POINT('Vertex',(0.,-9.7,3.2)) ;
#839=CARTESIAN_POINT('Vertex',(0.,-9.7,-3.2)) ;
#842=CARTESIAN_POINT('Axis2P3D Location',(0.,-8.7,3.2)) ;
#846=CARTESIAN_POINT('Vertex',(0.,-8.7,4.2)) ;
#849=CARTESIAN_POINT('Line Origine',(0.,-1.,4.2)) ;
#853=CARTESIAN_POINT('Vertex',(0.,6.7,4.2)) ;
#856=CARTESIAN_POINT('Line Origine',(0.,8.2,3.2)) ;
#860=CARTESIAN_POINT('Vertex',(0.,9.7,2.2)) ;
#863=CARTESIAN_POINT('Line Origine',(0.,9.7,0.)) ;
#867=CARTESIAN_POINT('Vertex',(0.,9.7,-2.2)) ;
#870=CARTESIAN_POINT('Line Origine',(0.,8.2,-3.2)) ;
#874=CARTESIAN_POINT('Vertex',(0.,6.7,-4.2)) ;
#877=CARTESIAN_POINT('Line Origine',(0.,-1.,-4.2)) ;
#881=CARTESIAN_POINT('Vertex',(0.,-8.7,-4.2)) ;
#884=CARTESIAN_POINT('Axis2P3D Location',(0.,-8.7,-3.2)) ;
#900=CARTESIAN_POINT('Axis2P3D Location',(5.35,-8.7,-3.2)) ;
#905=CARTESIAN_POINT('Line Origine',(5.35,-8.7,-4.2)) ;
#909=CARTESIAN_POINT('Vertex',(11.7,-8.7,-4.2)) ;
#912=CARTESIAN_POINT('Axis2P3D Location',(11.7,-8.7,-3.2)) ;
#916=CARTESIAN_POINT('Vertex',(11.7,-9.7,-3.2)) ;
#919=CARTESIAN_POINT('Line Origine',(5.35,-9.7,-3.2)) ;
#931=CARTESIAN_POINT('Axis2P3D Location',(0.,-9.7,4.2)) ;
#936=CARTESIAN_POINT('Line Origine',(11.7,-9.7,-4.4408920985E-016)) ;
#940=CARTESIAN_POINT('Vertex',(11.7,-9.7,3.2)) ;
#943=CARTESIAN_POINT('Line Origine',(5.85,-9.7,3.2)) ;
#955=CARTESIAN_POINT('Axis2P3D Location',(5.35,-8.7,3.2)) ;
#960=CARTESIAN_POINT('Axis2P3D Location',(11.7,-8.7,3.2)) ;
#964=CARTESIAN_POINT('Vertex',(11.7,-8.7,4.2)) ;
#967=CARTESIAN_POINT('Line Origine',(5.35,-8.7,4.2)) ;
#979=CARTESIAN_POINT('Axis2P3D Location',(0.,6.7,4.2)) ;
#984=CARTESIAN_POINT('Line Origine',(11.7,-1.,4.2)) ;
#988=CARTESIAN_POINT('Vertex',(11.7,6.7,4.2)) ;
#991=CARTESIAN_POINT('Line Origine',(5.85,6.7,4.2)) ;
#1003=CARTESIAN_POINT('Axis2P3D Location',(0.,6.7,4.2)) ;
#1008=CARTESIAN_POINT('Line Origine',(11.7,8.2,3.2)) ;
#1012=CARTESIAN_POINT('Vertex',(11.7,9.7,2.2)) ;
#1015=CARTESIAN_POINT('Line Origine',(5.85,9.7,2.2)) ;
#1027=CARTESIAN_POINT('Axis2P3D Location',(0.,9.7,2.2)) ;
#1032=CARTESIAN_POINT('Line Origine',(11.7,9.7,0.)) ;
#1036=CARTESIAN_POINT('Vertex',(11.7,9.7,-2.2)) ;
#1039=CARTESIAN_POINT('Line Origine',(5.85,9.7,-2.2)) ;
#1051=CARTESIAN_POINT('Axis2P3D Location',(0.,9.7,-2.2)) ;
#1056=CARTESIAN_POINT('Line Origine',(11.7,8.2,-3.2)) ;
#1060=CARTESIAN_POINT('Vertex',(11.7,6.7,-4.2)) ;
#1063=CARTESIAN_POINT('Line Origine',(5.85,6.7,-4.2)) ;
#1075=CARTESIAN_POINT('Axis2P3D Location',(0.,-9.7,-4.2)) ;
#1080=CARTESIAN_POINT('Line Origine',(11.7,-1.,-4.2)) ;
#1092=CARTESIAN_POINT('Axis2P3D Location',(6.5,-5.5,0.)) ;
#1097=CARTESIAN_POINT('Axis2P3D Location',(11.7,-5.5,0.)) ;
#1101=CARTESIAN_POINT('Vertex',(11.7,-2.,0.)) ;
#1103=CARTESIAN_POINT('Vertex',(11.7,-9.,4.28612223838E-016)) ;
#1106=CARTESIAN_POINT('Line Origine',(6.5,-9.,4.28612223838E-016)) ;
#1110=CARTESIAN_POINT('Vertex',(1.,-9.,4.28612223838E-016)) ;
#1113=CARTESIAN_POINT('Axis2P3D Location',(1.,-5.5,0.)) ;
#1117=CARTESIAN_POINT('Vertex',(1.,-2.,0.)) ;
#1120=CARTESIAN_POINT('Line Origine',(6.5,-2.,0.)) ;
#1132=CARTESIAN_POINT('Axis2P3D Location',(11.7,-5.5,0.)) ;
#1137=CARTESIAN_POINT('Axis2P3D Location',(1.,-5.5,0.)) ;
#1149=CARTESIAN_POINT('Axis2P3D Location',(6.5,5.5,0.)) ;
#1154=CARTESIAN_POINT('Axis2P3D Location',(11.7,5.5,0.)) ;
#1158=CARTESIAN_POINT('Vertex',(11.7,9.05,0.)) ;
#1160=CARTESIAN_POINT('Vertex',(11.7,1.95,4.34735255607E-016)) ;
#1163=CARTESIAN_POINT('Line Origine',(6.5,1.95,4.34735255607E-016)) ;
#1167=CARTESIAN_POINT('Vertex',(1.,1.95,4.34735255607E-016)) ;
#1170=CARTESIAN_POINT('Axis2P3D Location',(1.,5.5,0.)) ;
#1174=CARTESIAN_POINT('Vertex',(1.,9.05,0.)) ;
#1177=CARTESIAN_POINT('Line Origine',(6.5,9.05,0.)) ;
#1189=CARTESIAN_POINT('Axis2P3D Location',(11.7,5.5,0.)) ;
#1194=CARTESIAN_POINT('Axis2P3D Location',(1.,5.5,0.)) ;
#1206=CARTESIAN_POINT('Axis2P3D Location',(11.7,0.,0.)) ;
#1221=CARTESIAN_POINT('Axis2P3D Location',(11.7,-1.16266210678,3.3)) ;
#1225=CARTESIAN_POINT('Vertex',(11.7,-1.16266210678,3.5)) ;
#1227=CARTESIAN_POINT('Vertex',(11.7,-1.32183046983,3.17889908257)) ;
#1230=CARTESIAN_POINT('Line Origine',(11.7,0.,3.5)) ;
#1234=CARTESIAN_POINT('Vertex',(11.7,1.16266210678,3.5)) ;
#1237=CARTESIAN_POINT('Axis2P3D Location',(11.7,1.16266210678,3.3)) ;
#1241=CARTESIAN_POINT('Vertex',(11.7,1.32183046983,3.17889908257)) ;
#1244=CARTESIAN_POINT('Axis2P3D Location',(11.7,5.5,-8.881784197E-016)) ;
#1248=CARTESIAN_POINT('Vertex',(11.7,1.32183046983,-3.17889908257)) ;
#1251=CARTESIAN_POINT('Axis2P3D Location',(11.7,1.16266210678,-3.3)) ;
#1255=CARTESIAN_POINT('Vertex',(11.7,1.16266210678,-3.5)) ;
#1258=CARTESIAN_POINT('Line Origine',(11.7,0.,-3.5)) ;
#1262=CARTESIAN_POINT('Vertex',(11.7,-1.16266210678,-3.5)) ;
#1265=CARTESIAN_POINT('Axis2P3D Location',(11.7,-1.16266210678,-3.3)) ;
#1269=CARTESIAN_POINT('Vertex',(11.7,-1.32183046983,-3.17889908257)) ;
#1272=CARTESIAN_POINT('Axis2P3D Location',(11.7,-5.5,8.881784197E-016)) ;
#1296=CARTESIAN_POINT('Axis2P3D Location',(-1.5,-1.16266210678,3.3)) ;
#1301=CARTESIAN_POINT('Line Origine',(-1.5,-1.16266210678,3.5)) ;
#1305=CARTESIAN_POINT('Vertex',(-8.,-1.16266210678,3.5)) ;
#1308=CARTESIAN_POINT('Line Origine',(-1.5,-1.32183046983,3.17889908257)) ;
#1312=CARTESIAN_POINT('Vertex',(-8.,-1.32183046983,3.17889908257)) ;
#1315=CARTESIAN_POINT('Axis2P3D Location',(-8.,-1.16266210678,3.3)) ;
#1327=CARTESIAN_POINT('Axis2P3D Location',(-1.5,-5.5,0.)) ;
#1332=CARTESIAN_POINT('Axis2P3D Location',(-8.,-5.5,0.)) ;
#1336=CARTESIAN_POINT('Vertex',(-8.,-1.32183046983,-3.17889908257)) ;
#1339=CARTESIAN_POINT('Line Origine',(-1.5,-1.32183046983,-3.17889908257)) ;
#1351=CARTESIAN_POINT('Axis2P3D Location',(0.,1.58688103938,3.5)) ;
#1356=CARTESIAN_POINT('Line Origine',(1.85,1.16266210678,3.5)) ;
#1360=CARTESIAN_POINT('Vertex',(-8.,1.16266210678,3.5)) ;
#1363=CARTESIAN_POINT('Line Origine',(-8.,0.,3.5)) ;
#1375=CARTESIAN_POINT('Axis2P3D Location',(-1.5,-1.16266210678,-3.3)) ;
#1380=CARTESIAN_POINT('Line Origine',(-1.5,-1.16266210678,-3.5)) ;
#1384=CARTESIAN_POINT('Vertex',(-8.,-1.16266210678,-3.5)) ;
#1387=CARTESIAN_POINT('Axis2P3D Location',(-8.,-1.16266210678,-3.3)) ;
#1399=CARTESIAN_POINT('Axis2P3D Location',(-1.5,1.16266210678,3.3)) ;
#1404=CARTESIAN_POINT('Line Origine',(-1.5,1.32183046983,3.17889908257)) ;
#1408=CARTESIAN_POINT('Vertex',(-8.,1.32183046983,3.17889908257)) ;
#1411=CARTESIAN_POINT('Axis2P3D Location',(-8.,1.16266210678,3.3)) ;
#1423=CARTESIAN_POINT('Axis2P3D Location',(0.,1.58688103938,-3.5)) ;
#1428=CARTESIAN_POINT('Line Origine',(-8.,0.,-3.5)) ;
#1432=CARTESIAN_POINT('Vertex',(-8.,1.16266210678,-3.5)) ;
#1435=CARTESIAN_POINT('Line Origine',(1.85,1.16266210678,-3.5)) ;
#1447=CARTESIAN_POINT('Axis2P3D Location',(-1.5,5.5,1.38777878078E-017)) ;
#1452=CARTESIAN_POINT('Axis2P3D Location',(-8.,5.5,1.38777878078E-017)) ;
#1456=CARTESIAN_POINT('Vertex',(-8.,1.32183046983,-3.17889908257)) ;
#1459=CARTESIAN_POINT('Line Origine',(-1.5,1.32183046983,-3.17889908257)) ;
#1471=CARTESIAN_POINT('Axis2P3D Location',(-1.5,1.16266210678,-3.3)) ;
#1476=CARTESIAN_POINT('Axis2P3D Location',(-8.,1.16266210678,-3.3)) ;
#1488=CARTESIAN_POINT('Axis2P3D Location',(-8.,0.,0.)) ;
#1513=CARTESIAN_POINT('Axis2P3D Location',(-8.,-5.5,-4.4408920985E-016)) ;
#1517=CARTESIAN_POINT('Vertex',(-8.,-9.75,0.)) ;
#1519=CARTESIAN_POINT('Vertex',(-8.,-1.25,5.20457700375E-016)) ;
#1522=CARTESIAN_POINT('Axis2P3D Location',(-8.,-5.5,-4.4408920985E-016)) ;
#1531=CARTESIAN_POINT('Axis2P3D Location',(-8.,5.5,-4.4408920985E-016)) ;
#1535=CARTESIAN_POINT('Vertex',(-8.,1.25,5.20457700375E-016)) ;
#1537=CARTESIAN_POINT('Vertex',(-8.,9.75,0.)) ;
#1540=CARTESIAN_POINT('Axis2P3D Location',(-8.,5.5,-4.4408920985E-016)) ;
#1550=CARTESIAN_POINT('Axis2P3D Location',(-9.,5.5,0.)) ;
#1555=CARTESIAN_POINT('Line Origine',(-9.,9.75,0.)) ;
#1559=CARTESIAN_POINT('Vertex',(-5.,9.75,0.)) ;
#1562=CARTESIAN_POINT('Axis2P3D Location',(-5.,5.5,0.)) ;
#1566=CARTESIAN_POINT('Vertex',(-5.,1.25,5.20457700375E-016)) ;
#1569=CARTESIAN_POINT('Line Origine',(-9.,1.25,5.20457700375E-016)) ;
#1581=CARTESIAN_POINT('Axis2P3D Location',(-5.,5.5,0.)) ;
#1593=CARTESIAN_POINT('Axis2P3D Location',(-9.,-5.5,0.)) ;
#1598=CARTESIAN_POINT('Line Origine',(-9.,-1.25,5.20457700375E-016)) ;
#1602=CARTESIAN_POINT('Vertex',(-5.,-1.25,5.20457700375E-016)) ;
#1605=CARTESIAN_POINT('Axis2P3D Location',(-5.,-5.5,0.)) ;
#1609=CARTESIAN_POINT('Vertex',(-5.,-9.75,0.)) ;
#1612=CARTESIAN_POINT('Line Origine',(-9.,-9.75,0.)) ;
#1624=CARTESIAN_POINT('Axis2P3D Location',(-5.,-5.5,0.)) ;
#1636=CARTESIAN_POINT('Axis2P3D Location',(-5.,0.,0.)) ;
#1645=CARTESIAN_POINT('Axis2P3D Location',(-5.,-5.5,8.881784197E-016)) ;
#1649=CARTESIAN_POINT('Vertex',(-5.,-2.99888969861,1.36636278502)) ;
#1651=CARTESIAN_POINT('Vertex',(-5.,-8.00111030139,-1.36636278502)) ;
#1654=CARTESIAN_POINT('Axis2P3D Location',(-5.,-5.5,1.33226762955E-015)) ;
#1668=CARTESIAN_POINT('Axis2P3D Location',(-5.,5.5,8.881784197E-016)) ;
#1672=CARTESIAN_POINT('Vertex',(-5.,8.00111030139,-1.36636278502)) ;
#1674=CARTESIAN_POINT('Vertex',(-5.,2.99888969861,1.36636278502)) ;
#1677=CARTESIAN_POINT('Axis2P3D Location',(-5.,5.5,1.33226762955E-015)) ;
#1687=CARTESIAN_POINT('Axis2P3D Location',(1.,0.,0.)) ;
#1696=CARTESIAN_POINT('Axis2P3D Location',(1.,5.5,4.4408920985E-016)) ;
#1700=CARTESIAN_POINT('Vertex',(1.,3.0866479548,1.31842023116)) ;
#1702=CARTESIAN_POINT('Vertex',(1.,7.9133520452,-1.31842023116)) ;
#1705=CARTESIAN_POINT('Axis2P3D Location',(1.,5.5,-2.22044604925E-016)) ;
#1719=CARTESIAN_POINT('Axis2P3D Location',(1.,-5.5,4.4408920985E-016)) ;
#1723=CARTESIAN_POINT('Vertex',(1.,-7.9133520452,-1.31842023116)) ;
#1725=CARTESIAN_POINT('Vertex',(1.,-3.0866479548,1.31842023116)) ;
#1728=CARTESIAN_POINT('Axis2P3D Location',(1.,-5.5,-2.22044604925E-016)) ;
#1738=CARTESIAN_POINT('Axis2P3D Location',(-4.5,8.25,0.)) ;
#1743=CARTESIAN_POINT('Axis2P3D Location',(-4.5,-5.5,0.)) ;
#1747=CARTESIAN_POINT('Vertex',(-4.5,-8.00111030139,-1.36636278502)) ;
#1749=CARTESIAN_POINT('Vertex',(-4.5,-2.99888969861,1.36636278502)) ;
#1752=CARTESIAN_POINT('Axis2P3D Location',(-4.5,-5.5,0.)) ;
#1761=CARTESIAN_POINT('Axis2P3D Location',(-4.5,-5.5,0.)) ;
#1765=CARTESIAN_POINT('Vertex',(-4.5,-3.0866479548,1.31842023116)) ;
#1767=CARTESIAN_POINT('Vertex',(-4.5,-7.9133520452,-1.31842023116)) ;
#1770=CARTESIAN_POINT('Axis2P3D Location',(-4.5,-5.5,0.)) ;
#1780=CARTESIAN_POINT('Axis2P3D Location',(-1.6,-5.5,0.)) ;
#1785=CARTESIAN_POINT('Line Origine',(-9.,-8.00111030139,-1.36636278502)) ;
#1790=CARTESIAN_POINT('Line Origine',(-9.,-2.99888969861,1.36636278502)) ;
#1809=CARTESIAN_POINT('Axis2P3D Location',(-1.6,-5.5,0.)) ;
#1814=CARTESIAN_POINT('Line Origine',(2.9,-7.9133520452,-1.31842023116)) ;
#1819=CARTESIAN_POINT('Line Origine',(2.9,-3.0866479548,1.31842023116)) ;
#1838=CARTESIAN_POINT('Axis2P3D Location',(-4.5,5.5,0.)) ;
#1842=CARTESIAN_POINT('Vertex',(-4.5,2.99888969861,1.36636278502)) ;
#1844=CARTESIAN_POINT('Vertex',(-4.5,8.00111030139,-1.36636278502)) ;
#1847=CARTESIAN_POINT('Axis2P3D Location',(-4.5,5.5,0.)) ;
#1856=CARTESIAN_POINT('Axis2P3D Location',(-4.5,5.5,0.)) ;
#1860=CARTESIAN_POINT('Vertex',(-4.5,7.9133520452,-1.31842023116)) ;
#1862=CARTESIAN_POINT('Vertex',(-4.5,3.0866479548,1.31842023116)) ;
#1865=CARTESIAN_POINT('Axis2P3D Location',(-4.5,5.5,0.)) ;
#1875=CARTESIAN_POINT('Axis2P3D Location',(-1.6,5.5,0.)) ;
#1880=CARTESIAN_POINT('Line Origine',(-9.,8.00111030139,-1.36636278502)) ;
#1885=CARTESIAN_POINT('Line Origine',(-9.,2.99888969861,1.36636278502)) ;
#1904=CARTESIAN_POINT('Axis2P3D Location',(-1.6,5.5,0.)) ;
#1909=CARTESIAN_POINT('Line Origine',(2.9,7.9133520452,-1.31842023116)) ;
#1914=CARTESIAN_POINT('Line Origine',(2.9,3.0866479548,1.31842023116)) ;
#1937=CARTESIAN_POINT('Axis2P3D Location',(-1.6,5.5,0.)) ;
#1942=CARTESIAN_POINT('Axis2P3D Location',(-4.5,5.5,0.)) ;
#1946=CARTESIAN_POINT('Vertex',(-4.5,7.9133520452,-1.31842023116)) ;
#1948=CARTESIAN_POINT('Vertex',(-4.5,3.0866479548,1.31842023116)) ;
#1951=CARTESIAN_POINT('Line Origine',(2.9,7.9133520452,-1.31842023116)) ;
#1955=CARTESIAN_POINT('Vertex',(10.3,7.9133520452,-1.31842023116)) ;
#1958=CARTESIAN_POINT('Axis2P3D Location',(10.3,5.5,0.)) ;
#1962=CARTESIAN_POINT('Vertex',(10.3,3.0866479548,1.31842023116)) ;
#1965=CARTESIAN_POINT('Line Origine',(2.9,3.0866479548,1.31842023116)) ;
#1977=CARTESIAN_POINT('Axis2P3D Location',(-4.5,5.5,0.)) ;
#1982=CARTESIAN_POINT('Axis2P3D Location',(10.3,5.5,0.)) ;
#1994=CARTESIAN_POINT('Axis2P3D Location',(-4.5,8.25,0.)) ;
#1999=CARTESIAN_POINT('Axis2P3D Location',(-4.5,5.5,0.)) ;
#2003=CARTESIAN_POINT('Vertex',(-4.5,8.00111030139,-1.36636278502)) ;
#2005=CARTESIAN_POINT('Vertex',(-4.5,2.99888969861,1.36636278502)) ;
#2008=CARTESIAN_POINT('Axis2P3D Location',(-4.5,5.5,0.)) ;
#2022=CARTESIAN_POINT('Axis2P3D Location',(10.3,5.5,0.)) ;
#2031=CARTESIAN_POINT('Axis2P3D Location',(10.3,5.5,-2.22044604925E-016)) ;
#2035=CARTESIAN_POINT('Vertex',(10.3,3.52543923575,1.07870746186)) ;
#2037=CARTESIAN_POINT('Vertex',(10.3,7.47456076425,-1.07870746186)) ;
#2040=CARTESIAN_POINT('Axis2P3D Location',(10.3,5.5,-2.22044604925E-016)) ;
#2050=CARTESIAN_POINT('Axis2P3D Location',(-7.6515060833,5.5,0.)) ;
#2055=CARTESIAN_POINT('Line Origine',(-7.12575304165,4.73211525835,0.419497346279)) ;
#2059=CARTESIAN_POINT('Vertex',(-7.6515060833,5.5,0.)) ;
#2061=CARTESIAN_POINT('Vertex',(-6.6,3.96423051669,0.838994692557)) ;
#2064=CARTESIAN_POINT('Axis2P3D Location',(-6.6,5.5,0.)) ;
#2068=CARTESIAN_POINT('Vertex',(-6.6,7.03576948331,-0.838994692557)) ;
#2071=CARTESIAN_POINT('Line Origine',(-7.12575304165,6.26788474165,-0.419497346279)) ;
#2082=CARTESIAN_POINT('Axis2P3D Location',(-6.6,5.5,0.)) ;
#2093=CARTESIAN_POINT('Axis2P3D Location',(3.67424695835,5.5,0.)) ;
#2098=CARTESIAN_POINT('Line Origine',(-4.00021515476,3.96423051669,0.838994692557)) ;
#2102=CARTESIAN_POINT('Vertex',(-1.40043030951,3.96423051669,0.838994692557)) ;
#2105=CARTESIAN_POINT('Axis2P3D Location',(-1.40043030951,5.5,0.)) ;
#2109=CARTESIAN_POINT('Vertex',(-1.40043030951,7.03576948331,-0.838994692557)) ;
#2112=CARTESIAN_POINT('Line Origine',(-4.00021515476,7.03576948331,-0.838994692557)) ;
#2124=CARTESIAN_POINT('Axis2P3D Location',(-1.40043030951,5.5,0.)) ;
#2136=CARTESIAN_POINT('Axis2P3D Location',(-1.40043030951,5.5,0.)) ;
#2141=CARTESIAN_POINT('Line Origine',(-1.25021515476,3.74483487622,0.958851077208)) ;
#2145=CARTESIAN_POINT('Vertex',(-1.1,3.52543923575,1.07870746186)) ;
#2148=CARTESIAN_POINT('Axis2P3D Location',(-1.1,5.5,0.)) ;
#2152=CARTESIAN_POINT('Vertex',(-1.1,7.47456076425,-1.07870746186)) ;
#2155=CARTESIAN_POINT('Line Origine',(-1.25021515476,7.25516512378,-0.958851077208)) ;
#2167=CARTESIAN_POINT('Axis2P3D Location',(-1.1,5.5,0.)) ;
#2179=CARTESIAN_POINT('Axis2P3D Location',(3.67424695835,5.5,0.)) ;
#2184=CARTESIAN_POINT('Line Origine',(6.95,7.47456076425,-1.07870746186)) ;
#2189=CARTESIAN_POINT('Line Origine',(6.95,3.52543923575,1.07870746186)) ;
#2208=CARTESIAN_POINT('Axis2P3D Location',(-7.738,5.5,4.93038065763E-032)) ;
#2213=CARTESIAN_POINT('Line Origine',(-8.36890364998,4.45,7.39557098645E-032)) ;
#2217=CARTESIAN_POINT('Vertex',(-7.738,5.5,4.93038065763E-032)) ;
#2219=CARTESIAN_POINT('Vertex',(-8.99980729996,3.4,0.)) ;
#2222=CARTESIAN_POINT('Axis2P3D Location',(-8.99980729996,5.5,4.4408920985E-016)) ;
#2226=CARTESIAN_POINT('Vertex',(-8.99980729996,5.5,2.1)) ;
#2229=CARTESIAN_POINT('Axis2P3D Location',(-8.99980729996,5.5,4.4408920985E-016)) ;
#2233=CARTESIAN_POINT('Vertex',(-8.99980729996,7.6,2.57167334303E-016)) ;
#2236=CARTESIAN_POINT('Line Origine',(-8.36890364998,6.55,5.08381043426E-016)) ;
#2248=CARTESIAN_POINT('Axis2P3D Location',(-7.738,5.5,-1.28583667151E-016)) ;
#2253=CARTESIAN_POINT('Axis2P3D Location',(-8.99980729996,5.5,-4.4408920985E-016)) ;
#2257=CARTESIAN_POINT('Vertex',(-8.99980729996,5.5,-2.1)) ;
#2260=CARTESIAN_POINT('Axis2P3D Location',(-8.99980729996,5.5,-4.4408920985E-016)) ;
#2272=CARTESIAN_POINT('Axis2P3D Location',(-10.869,5.5,0.)) ;
#2277=CARTESIAN_POINT('Line Origine',(-10.869,5.5,-2.1)) ;
#2281=CARTESIAN_POINT('Vertex',(-13.5,5.5,-2.1)) ;
#2284=CARTESIAN_POINT('Axis2P3D Location',(-13.5,5.5,0.)) ;
#2288=CARTESIAN_POINT('Vertex',(-13.5,3.4,0.)) ;
#2291=CARTESIAN_POINT('Line Origine',(-10.869,3.4,-5.14334668605E-016)) ;
#2303=CARTESIAN_POINT('Line Origine',(-10.869,5.5,2.1)) ;
#2307=CARTESIAN_POINT('Vertex',(-13.5,5.5,2.1)) ;
#2310=CARTESIAN_POINT('Axis2P3D Location',(-13.5,5.5,0.)) ;
#2322=CARTESIAN_POINT('Axis2P3D Location',(-13.5,8.35,0.)) ;
#2327=CARTESIAN_POINT('Axis2P3D Location',(-13.5,5.5,0.)) ;
#2331=CARTESIAN_POINT('Vertex',(-13.5,5.5,-2.85)) ;
#2333=CARTESIAN_POINT('Vertex',(-13.5,2.99888969861,1.36636278502)) ;
#2336=CARTESIAN_POINT('Axis2P3D Location',(-13.5,5.5,0.)) ;
#2340=CARTESIAN_POINT('Vertex',(-13.5,5.5,2.85)) ;
#2343=CARTESIAN_POINT('Line Origine',(-13.5,5.5,2.475)) ;
#2348=CARTESIAN_POINT('Line Origine',(-13.5,5.5,-2.475)) ;
#2362=CARTESIAN_POINT('Axis2P3D Location',(-1.6,5.5,0.)) ;
#2367=CARTESIAN_POINT('Line Origine',(-9.,2.99888969861,1.36636278502)) ;
#2372=CARTESIAN_POINT('Line Origine',(-9.,8.00111030139,-1.36636278502)) ;
#2376=CARTESIAN_POINT('Vertex',(-9.,8.00111030139,-1.36636278502)) ;
#2379=CARTESIAN_POINT('Axis2P3D Location',(-9.,5.5,0.)) ;
#2383=CARTESIAN_POINT('Vertex',(-9.,5.5,2.85)) ;
#2386=CARTESIAN_POINT('Line Origine',(-9.,5.5,2.85)) ;
#2400=CARTESIAN_POINT('Line Origine',(-9.,5.5,-2.85)) ;
#2404=CARTESIAN_POINT('Vertex',(-9.,5.5,-2.85)) ;
#2407=CARTESIAN_POINT('Axis2P3D Location',(-9.,5.5,0.)) ;
#2421=CARTESIAN_POINT('Axis2P3D Location',(-9.,0.,0.)) ;
#2426=CARTESIAN_POINT('Line Origine',(-9.,5.5,2.475)) ;
#2431=CARTESIAN_POINT('Line Origine',(-9.,5.5,-2.475)) ;
#2445=CARTESIAN_POINT('Axis2P3D Location',(-8.,5.5,-4.)) ;
#2466=CARTESIAN_POINT('Axis2P3D Location',(-1.6,-5.5,0.)) ;
#2471=CARTESIAN_POINT('Line Origine',(2.9,-3.0866479548,1.31842023116)) ;
#2475=CARTESIAN_POINT('Vertex',(-4.5,-3.0866479548,1.31842023116)) ;
#2477=CARTESIAN_POINT('Vertex',(10.3,-3.0866479548,1.31842023116)) ;
#2480=CARTESIAN_POINT('Axis2P3D Location',(10.3,-5.5,0.)) ;
#2484=CARTESIAN_POINT('Vertex',(10.3,-7.9133520452,-1.31842023116)) ;
#2487=CARTESIAN_POINT('Line Origine',(2.9,-7.9133520452,-1.31842023116)) ;
#2491=CARTESIAN_POINT('Vertex',(-4.5,-7.9133520452,-1.31842023116)) ;
#2494=CARTESIAN_POINT('Axis2P3D Location',(-4.5,-5.5,0.)) ;
#2506=CARTESIAN_POINT('Axis2P3D Location',(10.3,-5.5,0.)) ;
#2511=CARTESIAN_POINT('Axis2P3D Location',(-4.5,-5.5,0.)) ;
#2523=CARTESIAN_POINT('Axis2P3D Location',(-4.5,-5.5,0.)) ;
#2527=CARTESIAN_POINT('Vertex',(-4.5,-2.99888969861,1.36636278502)) ;
#2529=CARTESIAN_POINT('Vertex',(-4.5,-8.00111030139,-1.36636278502)) ;
#2532=CARTESIAN_POINT('Axis2P3D Location',(-4.5,-5.5,0.)) ;
#2550=CARTESIAN_POINT('Axis2P3D Location',(10.3,-5.5,-2.22044604925E-016)) ;
#2554=CARTESIAN_POINT('Vertex',(10.3,-7.47456076425,-1.07870746186)) ;
#2556=CARTESIAN_POINT('Vertex',(10.3,-3.52543923575,1.07870746186)) ;
#2559=CARTESIAN_POINT('Axis2P3D Location',(10.3,-5.5,-2.22044604925E-016)) ;
#2569=CARTESIAN_POINT('Axis2P3D Location',(-7.6515060833,-5.5,0.)) ;
#2574=CARTESIAN_POINT('Line Origine',(-7.12575304165,-6.26788474165,-0.419497346279)) ;
#2578=CARTESIAN_POINT('Vertex',(-7.6515060833,-5.5,0.)) ;
#2580=CARTESIAN_POINT('Vertex',(-6.6,-7.03576948331,-0.838994692557)) ;
#2583=CARTESIAN_POINT('Axis2P3D Location',(-6.6,-5.5,0.)) ;
#2587=CARTESIAN_POINT('Vertex',(-6.6,-3.96423051669,0.838994692557)) ;
#2590=CARTESIAN_POINT('Line Origine',(-7.12575304165,-4.73211525835,0.419497346279)) ;
#2601=CARTESIAN_POINT('Axis2P3D Location',(-6.6,-5.5,0.)) ;
#2612=CARTESIAN_POINT('Axis2P3D Location',(3.67424695835,-5.5,0.)) ;
#2617=CARTESIAN_POINT('Line Origine',(-4.00021515476,-7.03576948331,-0.838994692557)) ;
#2621=CARTESIAN_POINT('Vertex',(-1.40043030951,-7.03576948331,-0.838994692557)) ;
#2624=CARTESIAN_POINT('Axis2P3D Location',(-1.40043030951,-5.5,0.)) ;
#2628=CARTESIAN_POINT('Vertex',(-1.40043030951,-3.96423051669,0.838994692557)) ;
#2631=CARTESIAN_POINT('Line Origine',(-4.00021515476,-3.96423051669,0.838994692557)) ;
#2643=CARTESIAN_POINT('Axis2P3D Location',(-1.40043030951,-5.5,0.)) ;
#2655=CARTESIAN_POINT('Axis2P3D Location',(-1.40043030951,-5.5,0.)) ;
#2660=CARTESIAN_POINT('Line Origine',(-1.25021515476,-7.25516512378,-0.958851077208)) ;
#2664=CARTESIAN_POINT('Vertex',(-1.1,-7.47456076425,-1.07870746186)) ;
#2667=CARTESIAN_POINT('Axis2P3D Location',(-1.1,-5.5,0.)) ;
#2671=CARTESIAN_POINT('Vertex',(-1.1,-3.52543923575,1.07870746186)) ;
#2674=CARTESIAN_POINT('Line Origine',(-1.25021515476,-3.74483487622,0.958851077208)) ;
#2686=CARTESIAN_POINT('Axis2P3D Location',(-1.1,-5.5,0.)) ;
#2698=CARTESIAN_POINT('Axis2P3D Location',(3.67424695835,-5.5,0.)) ;
#2703=CARTESIAN_POINT('Line Origine',(6.95,-3.52543923575,1.07870746186)) ;
#2708=CARTESIAN_POINT('Line Origine',(6.95,-7.47456076425,-1.07870746186)) ;
#2727=CARTESIAN_POINT('Axis2P3D Location',(-7.738,-5.5,4.93038065763E-032)) ;
#2732=CARTESIAN_POINT('Line Origine',(-8.36890364998,-6.55,5.08381043426E-016)) ;
#2736=CARTESIAN_POINT('Vertex',(-7.738,-5.5,4.93038065763E-032)) ;
#2738=CARTESIAN_POINT('Vertex',(-8.99980729996,-7.6,1.01676208685E-015)) ;
#2741=CARTESIAN_POINT('Axis2P3D Location',(-8.99980729996,-5.5,4.4408920985E-016)) ;
#2745=CARTESIAN_POINT('Vertex',(-8.99980729996,-5.5,2.1)) ;
#2748=CARTESIAN_POINT('Axis2P3D Location',(-8.99980729996,-5.5,4.4408920985E-016)) ;
#2752=CARTESIAN_POINT('Vertex',(-8.99980729996,-3.4,0.)) ;
#2755=CARTESIAN_POINT('Line Origine',(-8.36890364998,-4.45,1.72563323017E-031)) ;
#2767=CARTESIAN_POINT('Axis2P3D Location',(-7.738,-5.5,-1.28583667151E-016)) ;
#2772=CARTESIAN_POINT('Axis2P3D Location',(-8.99980729996,-5.5,-4.4408920985E-016)) ;
#2776=CARTESIAN_POINT('Vertex',(-8.99980729996,-5.5,-2.1)) ;
#2779=CARTESIAN_POINT('Axis2P3D Location',(-8.99980729996,-5.5,-4.4408920985E-016)) ;
#2791=CARTESIAN_POINT('Axis2P3D Location',(-10.869,-5.5,0.)) ;
#2796=CARTESIAN_POINT('Line Origine',(-10.869,-3.4,-5.14334668605E-016)) ;
#2800=CARTESIAN_POINT('Vertex',(-13.5,-3.4,0.)) ;
#2803=CARTESIAN_POINT('Axis2P3D Location',(-13.5,-5.5,0.)) ;
#2807=CARTESIAN_POINT('Vertex',(-13.5,-5.5,-2.1)) ;
#2810=CARTESIAN_POINT('Line Origine',(-10.869,-5.5,-2.1)) ;
#2822=CARTESIAN_POINT('Axis2P3D Location',(-13.5,-5.5,0.)) ;
#2826=CARTESIAN_POINT('Vertex',(-13.5,-5.5,2.1)) ;
#2829=CARTESIAN_POINT('Line Origine',(-10.869,-5.5,2.1)) ;
#2841=CARTESIAN_POINT('Line Origine',(-13.5,-5.5,-2.475)) ;
#2845=CARTESIAN_POINT('Vertex',(-13.5,-5.5,-2.85)) ;
#2848=CARTESIAN_POINT('Line Origine',(-13.5,-5.5,2.475)) ;
#2852=CARTESIAN_POINT('Vertex',(-13.5,-5.5,2.85)) ;
#2855=CARTESIAN_POINT('Axis2P3D Location',(-13.5,-5.5,0.)) ;
#2859=CARTESIAN_POINT('Vertex',(-13.5,-2.99888969861,1.36636278502)) ;
#2862=CARTESIAN_POINT('Axis2P3D Location',(-13.5,-5.5,0.)) ;
#2876=CARTESIAN_POINT('Axis2P3D Location',(-1.6,-5.5,0.)) ;
#2881=CARTESIAN_POINT('Line Origine',(-9.,-5.5,2.85)) ;
#2885=CARTESIAN_POINT('Vertex',(-9.,-5.5,2.85)) ;
#2888=CARTESIAN_POINT('Axis2P3D Location',(-9.,-5.5,0.)) ;
#2892=CARTESIAN_POINT('Vertex',(-9.,-8.00111030139,-1.36636278502)) ;
#2895=CARTESIAN_POINT('Line Origine',(-9.,-8.00111030139,-1.36636278502)) ;
#2900=CARTESIAN_POINT('Line Origine',(-9.,-2.99888969861,1.36636278502)) ;
#2914=CARTESIAN_POINT('Axis2P3D Location',(-9.,-5.5,0.)) ;
#2918=CARTESIAN_POINT('Vertex',(-9.,-5.5,-2.85)) ;
#2921=CARTESIAN_POINT('Line Origine',(-9.,-5.5,-2.85)) ;
#2935=CARTESIAN_POINT('Line Origine',(-9.,-5.5,-2.475)) ;
#2940=CARTESIAN_POINT('Line Origine',(-9.,-5.5,2.475)) ;
#2954=CARTESIAN_POINT('Axis2P3D Location',(-8.,-5.5,-4.)) ;
#53=DIRECTION('Axis2P3D Direction',(0.,0.,1.)) ;
#54=DIRECTION('Axis2P3D XDirection',(0.,1.,0.)) ;
#58=DIRECTION('Vector Direction',(1.,0.,0.)) ;
#67=DIRECTION('Vector Direction',(0.,-1.,0.)) ;
#74=DIRECTION('Vector Direction',(-1.,0.,0.)) ;
#81=DIRECTION('Vector Direction',(0.,1.,0.)) ;
#93=DIRECTION('Axis2P3D Direction',(0.,-1.,0.)) ;
#94=DIRECTION('Axis2P3D XDirection',(1.,0.,0.)) ;
#98=DIRECTION('Vector Direction',(0.,0.,1.)) ;
#105=DIRECTION('Vector Direction',(0.,0.,1.)) ;
#112=DIRECTION('Vector Direction',(1.,0.,0.)) ;
#124=DIRECTION('Axis2P3D Direction',(-1.,0.,0.)) ;
#125=DIRECTION('Axis2P3D XDirection',(0.,-1.,0.)) ;
#129=DIRECTION('Vector Direction',(0.,-1.,0.)) ;
#136=DIRECTION('Vector Direction',(0.,0.,1.)) ;
#148=DIRECTION('Axis2P3D Direction',(0.,1.,-0.)) ;
#149=DIRECTION('Axis2P3D XDirection',(-1.,0.,-0.)) ;
#153=DIRECTION('Vector Direction',(0.,0.,1.)) ;
#160=DIRECTION('Vector Direction',(-1.,0.,0.)) ;
#172=DIRECTION('Axis2P3D Direction',(1.,0.,-0.)) ;
#173=DIRECTION('Axis2P3D XDirection',(-0.,1.,-0.)) ;
#177=DIRECTION('Vector Direction',(0.,1.,0.)) ;
#189=DIRECTION('Axis2P3D Direction',(0.,0.,1.)) ;
#190=DIRECTION('Axis2P3D XDirection',(0.,1.,0.)) ;
#194=DIRECTION('Vector Direction',(0.,1.,0.)) ;
#203=DIRECTION('Vector Direction',(-1.,0.,0.)) ;
#210=DIRECTION('Vector Direction',(0.,-1.,0.)) ;
#217=DIRECTION('Vector Direction',(1.,0.,0.)) ;
#229=DIRECTION('Vector Direction',(0.,0.,1.)) ;
#236=DIRECTION('Vector Direction',(0.,0.,1.)) ;
#243=DIRECTION('Vector Direction',(1.,0.,0.)) ;
#255=DIRECTION('Vector Direction',(0.,-1.,0.)) ;
#262=DIRECTION('Vector Direction',(0.,0.,1.)) ;
#274=DIRECTION('Vector Direction',(0.,0.,1.)) ;
#281=DIRECTION('Vector Direction',(-1.,0.,0.)) ;
#293=DIRECTION('Vector Direction',(0.,1.,0.)) ;
#305=DIRECTION('Vector Direction',(1.,0.,0.)) ;
#314=DIRECTION('Vector Direction',(0.,-1.,0.)) ;
#321=DIRECTION('Vector Direction',(-1.,0.,0.)) ;
#328=DIRECTION('Vector Direction',(0.,1.,0.)) ;
#340=DIRECTION('Axis2P3D Direction',(0.,-1.,0.)) ;
#341=DIRECTION('Axis2P3D XDirection',(1.,0.,0.)) ;
#345=DIRECTION('Vector Direction',(0.,0.,1.)) ;
#352=DIRECTION('Vector Direction',(0.,0.,1.)) ;
#359=DIRECTION('Vector Direction',(1.,0.,0.)) ;
#371=DIRECTION('Axis2P3D Direction',(-1.,0.,0.)) ;
#372=DIRECTION('Axis2P3D XDirection',(0.,-1.,0.)) ;
#376=DIRECTION('Vector Direction',(0.,-1.,0.)) ;
#383=DIRECTION('Vector Direction',(0.,0.,1.)) ;
#395=DIRECTION('Axis2P3D Direction',(0.,1.,-0.)) ;
#396=DIRECTION('Axis2P3D XDirection',(-1.,0.,-0.)) ;
#400=DIRECTION('Vector Direction',(0.,0.,1.)) ;
#407=DIRECTION('Vector Direction',(-1.,0.,0.)) ;
#419=DIRECTION('Axis2P3D Direction',(1.,0.,-0.)) ;
#420=DIRECTION('Axis2P3D XDirection',(-0.,1.,-0.)) ;
#424=DIRECTION('Vector Direction',(0.,1.,0.)) ;
#436=DIRECTION('Vector Direction',(0.,1.,0.)) ;
#445=DIRECTION('Vector Direction',(-1.,0.,0.)) ;
#452=DIRECTION('Vector Direction',(0.,-1.,0.)) ;
#459=DIRECTION('Vector Direction',(1.,0.,0.)) ;
#471=DIRECTION('Vector Direction',(0.,0.,1.)) ;
#478=DIRECTION('Vector Direction',(0.,0.,1.)) ;
#485=DIRECTION('Vector Direction',(1.,0.,0.)) ;
#497=DIRECTION('Vector Direction',(0.,-1.,0.)) ;
#504=DIRECTION('Vector Direction',(0.,0.,1.)) ;
#516=DIRECTION('Vector Direction',(0.,0.,1.)) ;
#523=DIRECTION('Vector Direction',(-1.,0.,0.)) ;
#535=DIRECTION('Vector Direction',(0.,1.,0.)) ;
#547=DIRECTION('Axis2P3D Direction',(0.,0.,-1.)) ;
#548=DIRECTION('Axis2P3D XDirection',(0.,1.,0.)) ;
#552=DIRECTION('Vector Direction',(1.,0.,0.)) ;
#561=DIRECTION('Vector Direction',(0.,1.,0.)) ;
#568=DIRECTION('Vector Direction',(1.,0.,0.)) ;
#575=DIRECTION('Vector Direction',(0.,1.,0.)) ;
#599=DIRECTION('Axis2P3D Direction',(-0.,0.,1.)) ;
#600=DIRECTION('Axis2P3D XDirection',(0.,-1.,0.)) ;
#604=DIRECTION('Vector Direction',(1.,0.,0.)) ;
#613=DIRECTION('Vector Direction',(0.,-1.,0.)) ;
#620=DIRECTION('Vector Direction',(1.,0.,0.)) ;
#627=DIRECTION('Vector Direction',(0.,-1.,0.)) ;
#651=DIRECTION('Axis2P3D Direction',(0.,0.554700196225,-0.832050294338)) ;
#652=DIRECTION('Axis2P3D XDirection',(0.,0.832050294338,0.554700196225)) ;
#656=DIRECTION('Vector Direction',(0.,0.832050294338,0.554700196225)) ;
#663=DIRECTION('Vector Direction',(1.,0.,0.)) ;
#670=DIRECTION('Vector Direction',(0.,0.832050294338,0.554700196225)) ;
#682=DIRECTION('Axis2P3D Direction',(0.,1.,0.)) ;
#683=DIRECTION('Axis2P3D XDirection',(0.,0.,1.)) ;
#687=DIRECTION('Vector Direction',(0.,0.,1.)) ;
#694=DIRECTION('Vector Direction',(1.,0.,0.)) ;
#701=DIRECTION('Vector Direction',(0.,0.,1.)) ;
#713=DIRECTION('Axis2P3D Direction',(-0.,0.554700196225,0.832050294338)) ;
#714=DIRECTION('Axis2P3D XDirection',(0.,-0.832050294338,0.554700196225)) ;
#718=DIRECTION('Vector Direction',(0.,-0.832050294338,0.554700196225)) ;
#723=DIRECTION('Vector Direction',(0.,-0.832050294338,0.554700196225)) ;
#735=DIRECTION('Axis2P3D Direction',(1.,0.,0.)) ;
#736=DIRECTION('Axis2P3D XDirection',(-0.,1.83697019872E-016,1.)) ;
#740=DIRECTION('Axis2P3D Direction',(1.,0.,0.)) ;
#747=DIRECTION('Axis2P3D Direction',(1.,0.,0.)) ;
#754=DIRECTION('Vector Direction',(1.,0.,0.)) ;
#766=DIRECTION('Axis2P3D Direction',(0.,-1.,0.)) ;
#767=DIRECTION('Axis2P3D XDirection',(0.,0.,-1.)) ;
#771=DIRECTION('Vector Direction',(0.,0.,-1.)) ;
#778=DIRECTION('Vector Direction',(0.,0.,-1.)) ;
#785=DIRECTION('Vector Direction',(1.,0.,0.)) ;
#797=DIRECTION('Axis2P3D Direction',(1.,0.,0.)) ;
#798=DIRECTION('Axis2P3D XDirection',(0.,-1.,1.83697019872E-016)) ;
#802=DIRECTION('Axis2P3D Direction',(1.,0.,0.)) ;
#807=DIRECTION('Axis2P3D Direction',(1.,0.,0.)) ;
#819=DIRECTION('Axis2P3D Direction',(1.,0.,0.)) ;
#820=DIRECTION('Axis2P3D XDirection',(0.,1.,0.)) ;
#834=DIRECTION('Vector Direction',(0.,0.,-1.)) ;
#843=DIRECTION('Axis2P3D Direction',(1.,0.,0.)) ;
#850=DIRECTION('Vector Direction',(0.,-1.,-1.15347846714E-016)) ;
#857=DIRECTION('Vector Direction',(0.,0.832050294338,-0.554700196225)) ;
#864=DIRECTION('Vector Direction',(0.,0.,-1.)) ;
#871=DIRECTION('Vector Direction',(0.,-0.832050294338,-0.554700196225)) ;
#878=DIRECTION('Vector Direction',(0.,1.,0.)) ;
#885=DIRECTION('Axis2P3D Direction',(1.,0.,0.)) ;
#901=DIRECTION('Axis2P3D Direction',(1.,0.,0.)) ;
#902=DIRECTION('Axis2P3D XDirection',(0.,-1.,1.83697019872E-016)) ;
#906=DIRECTION('Vector Direction',(1.,0.,0.)) ;
#913=DIRECTION('Axis2P3D Direction',(1.,0.,0.)) ;
#920=DIRECTION('Vector Direction',(1.,0.,0.)) ;
#932=DIRECTION('Axis2P3D Direction',(0.,-1.,0.)) ;
#933=DIRECTION('Axis2P3D XDirection',(0.,0.,-1.)) ;
#937=DIRECTION('Vector Direction',(0.,0.,-1.)) ;
#944=DIRECTION('Vector Direction',(1.,0.,0.)) ;
#956=DIRECTION('Axis2P3D Direction',(1.,0.,0.)) ;
#957=DIRECTION('Axis2P3D XDirection',(0.,-1.59265981953E-015,1.)) ;
#961=DIRECTION('Axis2P3D Direction',(1.,0.,0.)) ;
#968=DIRECTION('Vector Direction',(1.,0.,0.)) ;
#980=DIRECTION('Axis2P3D Direction',(0.,-1.08314441427E-016,1.)) ;
#981=DIRECTION('Axis2P3D XDirection',(-0.,-1.,-1.08314441427E-016)) ;
#985=DIRECTION('Vector Direction',(0.,-1.,-1.15347846714E-016)) ;
#992=DIRECTION('Vector Direction',(1.,0.,0.)) ;
#1004=DIRECTION('Axis2P3D Direction',(0.,-0.554700196225,-0.832050294338)) ;
#1005=DIRECTION('Axis2P3D XDirection',(0.,0.832050294338,-0.554700196225)) ;
#1009=DIRECTION('Vector Direction',(0.,0.832050294338,-0.554700196225)) ;
#1016=DIRECTION('Vector Direction',(1.,0.,0.)) ;
#1028=DIRECTION('Axis2P3D Direction',(0.,-1.,0.)) ;
#1029=DIRECTION('Axis2P3D XDirection',(0.,0.,-1.)) ;
#1033=DIRECTION('Vector Direction',(0.,0.,-1.)) ;
#1040=DIRECTION('Vector Direction',(1.,0.,0.)) ;
#1052=DIRECTION('Axis2P3D Direction',(0.,-0.554700196225,0.832050294338)) ;
#1053=DIRECTION('Axis2P3D XDirection',(-0.,-0.832050294338,-0.554700196225)) ;
#1057=DIRECTION('Vector Direction',(0.,-0.832050294338,-0.554700196225)) ;
#1064=DIRECTION('Vector Direction',(1.,0.,0.)) ;
#1076=DIRECTION('Axis2P3D Direction',(0.,0.,-1.)) ;
#1077=DIRECTION('Axis2P3D XDirection',(0.,1.,0.)) ;
#1081=DIRECTION('Vector Direction',(0.,1.,0.)) ;
#1093=DIRECTION('Axis2P3D Direction',(1.,0.,0.)) ;
#1094=DIRECTION('Axis2P3D XDirection',(0.,1.,0.)) ;
#1098=DIRECTION('Axis2P3D Direction',(1.,0.,0.)) ;
#1107=DIRECTION('Vector Direction',(1.,0.,0.)) ;
#1114=DIRECTION('Axis2P3D Direction',(1.,0.,0.)) ;
#1121=DIRECTION('Vector Direction',(1.,0.,0.)) ;
#1133=DIRECTION('Axis2P3D Direction',(1.,0.,0.)) ;
#1138=DIRECTION('Axis2P3D Direction',(1.,0.,0.)) ;
#1150=DIRECTION('Axis2P3D Direction',(1.,0.,0.)) ;
#1151=DIRECTION('Axis2P3D XDirection',(0.,1.,0.)) ;
#1155=DIRECTION('Axis2P3D Direction',(1.,0.,0.)) ;
#1164=DIRECTION('Vector Direction',(1.,0.,0.)) ;
#1171=DIRECTION('Axis2P3D Direction',(1.,0.,0.)) ;
#1178=DIRECTION('Vector Direction',(1.,0.,0.)) ;
#1190=DIRECTION('Axis2P3D Direction',(1.,0.,0.)) ;
#1195=DIRECTION('Axis2P3D Direction',(1.,0.,0.)) ;
#1207=DIRECTION('Axis2P3D Direction',(1.,0.,0.)) ;
#1208=DIRECTION('Axis2P3D XDirection',(0.,1.,0.)) ;
#1222=DIRECTION('Axis2P3D Direction',(1.,0.,0.)) ;
#1231=DIRECTION('Vector Direction',(0.,-1.,0.)) ;
#1238=DIRECTION('Axis2P3D Direction',(1.,0.,0.)) ;
#1245=DIRECTION('Axis2P3D Direction',(1.,0.,0.)) ;
#1252=DIRECTION('Axis2P3D Direction',(1.,0.,0.)) ;
#1259=DIRECTION('Vector Direction',(0.,-1.,0.)) ;
#1266=DIRECTION('Axis2P3D Direction',(1.,0.,0.)) ;
#1273=DIRECTION('Axis2P3D Direction',(1.,0.,0.)) ;
#1297=DIRECTION('Axis2P3D Direction',(1.,0.,0.)) ;
#1298=DIRECTION('Axis2P3D XDirection',(-0.,-1.11022302463E-016,1.)) ;
#1302=DIRECTION('Vector Direction',(1.,0.,0.)) ;
#1309=DIRECTION('Vector Direction',(1.,0.,0.)) ;
#1316=DIRECTION('Axis2P3D Direction',(1.,0.,0.)) ;
#1328=DIRECTION('Axis2P3D Direction',(1.,0.,0.)) ;
#1329=DIRECTION('Axis2P3D XDirection',(0.,0.7453559925,-0.666666666667)) ;
#1333=DIRECTION('Axis2P3D Direction',(1.,0.,0.)) ;
#1340=DIRECTION('Vector Direction',(1.,0.,0.)) ;
#1352=DIRECTION('Axis2P3D Direction',(-0.,0.,1.)) ;
#1353=DIRECTION('Axis2P3D XDirection',(0.,-1.,0.)) ;
#1357=DIRECTION('Vector Direction',(1.,0.,0.)) ;
#1364=DIRECTION('Vector Direction',(0.,-1.,0.)) ;
#1376=DIRECTION('Axis2P3D Direction',(-1.,0.,0.)) ;
#1377=DIRECTION('Axis2P3D XDirection',(0.,0.,-1.)) ;
#1381=DIRECTION('Vector Direction',(-1.,0.,0.)) ;
#1388=DIRECTION('Axis2P3D Direction',(-1.,0.,0.)) ;
#1400=DIRECTION('Axis2P3D Direction',(1.,0.,-0.)) ;
#1401=DIRECTION('Axis2P3D XDirection',(-0.,0.795841815271,-0.605504587156)) ;
#1405=DIRECTION('Vector Direction',(1.,0.,0.)) ;
#1412=DIRECTION('Axis2P3D Direction',(1.,0.,-0.)) ;
#1424=DIRECTION('Axis2P3D Direction',(0.,-1.39925173605E-016,1.)) ;
#1425=DIRECTION('Axis2P3D XDirection',(-0.,-1.,-1.39925173605E-016)) ;
#1429=DIRECTION('Vector Direction',(0.,-1.,-1.90979480307E-016)) ;
#1436=DIRECTION('Vector Direction',(-1.,0.,0.)) ;
#1448=DIRECTION('Axis2P3D Direction',(1.,0.,0.)) ;
#1449=DIRECTION('Axis2P3D XDirection',(0.,-0.7453559925,0.666666666667)) ;
#1453=DIRECTION('Axis2P3D Direction',(1.,0.,0.)) ;
#1460=DIRECTION('Vector Direction',(1.,0.,0.)) ;
#1472=DIRECTION('Axis2P3D Direction',(-1.,0.,0.)) ;
#1473=DIRECTION('Axis2P3D XDirection',(0.,0.795841815271,0.605504587156)) ;
#1477=DIRECTION('Axis2P3D Direction',(-1.,0.,0.)) ;
#1489=DIRECTION('Axis2P3D Direction',(1.,0.,0.)) ;
#1490=DIRECTION('Axis2P3D XDirection',(0.,1.,0.)) ;
#1514=DIRECTION('Axis2P3D Direction',(1.,0.,0.)) ;
#1523=DIRECTION('Axis2P3D Direction',(1.,0.,0.)) ;
#1532=DIRECTION('Axis2P3D Direction',(1.,0.,0.)) ;
#1541=DIRECTION('Axis2P3D Direction',(1.,0.,0.)) ;
#1551=DIRECTION('Axis2P3D Direction',(1.,0.,-0.)) ;
#1552=DIRECTION('Axis2P3D XDirection',(0.,1.,0.)) ;
#1556=DIRECTION('Vector Direction',(1.,0.,0.)) ;
#1563=DIRECTION('Axis2P3D Direction',(1.,0.,-0.)) ;
#1570=DIRECTION('Vector Direction',(1.,0.,0.)) ;
#1582=DIRECTION('Axis2P3D Direction',(1.,0.,-0.)) ;
#1594=DIRECTION('Axis2P3D Direction',(-1.,0.,0.)) ;
#1595=DIRECTION('Axis2P3D XDirection',(0.,-1.,0.)) ;
#1599=DIRECTION('Vector Direction',(-1.,0.,0.)) ;
#1606=DIRECTION('Axis2P3D Direction',(-1.,0.,0.)) ;
#1613=DIRECTION('Vector Direction',(-1.,0.,0.)) ;
#1625=DIRECTION('Axis2P3D Direction',(-1.,0.,0.)) ;
#1637=DIRECTION('Axis2P3D Direction',(-1.,0.,0.)) ;
#1638=DIRECTION('Axis2P3D XDirection',(-0.,-1.,-0.)) ;
#1646=DIRECTION('Axis2P3D Direction',(-1.,0.,0.)) ;
#1655=DIRECTION('Axis2P3D Direction',(-1.,0.,0.)) ;
#1669=DIRECTION('Axis2P3D Direction',(-1.,0.,0.)) ;
#1678=DIRECTION('Axis2P3D Direction',(-1.,0.,0.)) ;
#1688=DIRECTION('Axis2P3D Direction',(1.,0.,0.)) ;
#1689=DIRECTION('Axis2P3D XDirection',(0.,1.,0.)) ;
#1697=DIRECTION('Axis2P3D Direction',(1.,0.,0.)) ;
#1706=DIRECTION('Axis2P3D Direction',(1.,0.,0.)) ;
#1720=DIRECTION('Axis2P3D Direction',(1.,0.,0.)) ;
#1729=DIRECTION('Axis2P3D Direction',(1.,0.,0.)) ;
#1739=DIRECTION('Axis2P3D Direction',(-1.,0.,0.)) ;
#1740=DIRECTION('Axis2P3D XDirection',(0.,1.,0.)) ;
#1744=DIRECTION('Axis2P3D Direction',(-1.,0.,0.)) ;
#1753=DIRECTION('Axis2P3D Direction',(-1.,0.,0.)) ;
#1762=DIRECTION('Axis2P3D Direction',(-1.,0.,0.)) ;
#1771=DIRECTION('Axis2P3D Direction',(-1.,0.,0.)) ;
#1781=DIRECTION('Axis2P3D Direction',(1.,0.,0.)) ;
#1782=DIRECTION('Axis2P3D XDirection',(0.,-0.87758256189,-0.479425538604)) ;
#1786=DIRECTION('Vector Direction',(1.,0.,0.)) ;
#1791=DIRECTION('Vector Direction',(1.,0.,0.)) ;
#1810=DIRECTION('Axis2P3D Direction',(1.,0.,0.)) ;
#1811=DIRECTION('Axis2P3D XDirection',(0.,-0.87758256189,-0.479425538604)) ;
#1815=DIRECTION('Vector Direction',(1.,0.,0.)) ;
#1820=DIRECTION('Vector Direction',(1.,0.,0.)) ;
#1839=DIRECTION('Axis2P3D Direction',(-1.,0.,0.)) ;
#1848=DIRECTION('Axis2P3D Direction',(-1.,0.,0.)) ;
#1857=DIRECTION('Axis2P3D Direction',(-1.,0.,0.)) ;
#1866=DIRECTION('Axis2P3D Direction',(-1.,0.,0.)) ;
#1876=DIRECTION('Axis2P3D Direction',(-1.,0.,0.)) ;
#1877=DIRECTION('Axis2P3D XDirection',(0.,0.87758256189,-0.479425538604)) ;
#1881=DIRECTION('Vector Direction',(-1.,0.,0.)) ;
#1886=DIRECTION('Vector Direction',(-1.,0.,0.)) ;
#1905=DIRECTION('Axis2P3D Direction',(-1.,0.,0.)) ;
#1906=DIRECTION('Axis2P3D XDirection',(0.,0.87758256189,-0.479425538604)) ;
#1910=DIRECTION('Vector Direction',(-1.,0.,0.)) ;
#1915=DIRECTION('Vector Direction',(-1.,0.,0.)) ;
#1938=DIRECTION('Axis2P3D Direction',(-1.,0.,0.)) ;
#1939=DIRECTION('Axis2P3D XDirection',(0.,0.87758256189,-0.479425538604)) ;
#1943=DIRECTION('Axis2P3D Direction',(-1.,0.,0.)) ;
#1952=DIRECTION('Vector Direction',(-1.,0.,0.)) ;
#1959=DIRECTION('Axis2P3D Direction',(-1.,0.,0.)) ;
#1966=DIRECTION('Vector Direction',(-1.,0.,0.)) ;
#1978=DIRECTION('Axis2P3D Direction',(-1.,0.,0.)) ;
#1983=DIRECTION('Axis2P3D Direction',(-1.,0.,0.)) ;
#1995=DIRECTION('Axis2P3D Direction',(-1.,0.,0.)) ;
#1996=DIRECTION('Axis2P3D XDirection',(0.,1.,0.)) ;
#2000=DIRECTION('Axis2P3D Direction',(-1.,0.,0.)) ;
#2009=DIRECTION('Axis2P3D Direction',(-1.,0.,0.)) ;
#2023=DIRECTION('Axis2P3D Direction',(-1.,0.,0.)) ;
#2024=DIRECTION('Axis2P3D XDirection',(0.,1.,0.)) ;
#2032=DIRECTION('Axis2P3D Direction',(-1.,0.,0.)) ;
#2041=DIRECTION('Axis2P3D Direction',(-1.,0.,0.)) ;
#2051=DIRECTION('Axis2P3D Direction',(1.,-0.,-0.)) ;
#2052=DIRECTION('Axis2P3D XDirection',(0.,0.87758256189,-0.479425538604)) ;
#2056=DIRECTION('Vector Direction',(0.51503807491,-0.752235075719,0.410947894813)) ;
#2065=DIRECTION('Axis2P3D Direction',(1.,-0.,0.)) ;
#2072=DIRECTION('Vector Direction',(0.51503807491,0.752235075719,-0.410947894813)) ;
#2083=DIRECTION('Axis2P3D Direction',(1.,-0.,0.)) ;
#2094=DIRECTION('Axis2P3D Direction',(-1.,0.,0.)) ;
#2095=DIRECTION('Axis2P3D XDirection',(0.,0.87758256189,-0.479425538604)) ;
#2099=DIRECTION('Vector Direction',(-1.,0.,0.)) ;
#2106=DIRECTION('Axis2P3D Direction',(-1.,0.,0.)) ;
#2113=DIRECTION('Vector Direction',(-1.,0.,0.)) ;
#2125=DIRECTION('Axis2P3D Direction',(-1.,0.,0.)) ;
#2137=DIRECTION('Axis2P3D Direction',(1.,-0.,-0.)) ;
#2138=DIRECTION('Axis2P3D XDirection',(0.,0.87758256189,-0.479425538604)) ;
#2142=DIRECTION('Vector Direction',(0.51503807491,-0.752235075719,0.410947894813)) ;
#2149=DIRECTION('Axis2P3D Direction',(1.,-0.,0.)) ;
#2156=DIRECTION('Vector Direction',(0.51503807491,0.752235075719,-0.410947894813)) ;
#2168=DIRECTION('Axis2P3D Direction',(1.,-0.,0.)) ;
#2180=DIRECTION('Axis2P3D Direction',(-1.,0.,0.)) ;
#2181=DIRECTION('Axis2P3D XDirection',(0.,0.87758256189,-0.479425538604)) ;
#2185=DIRECTION('Vector Direction',(-1.,0.,0.)) ;
#2190=DIRECTION('Vector Direction',(-1.,0.,0.)) ;
#2209=DIRECTION('Axis2P3D Direction',(-1.,0.,3.5194693347E-016)) ;
#2210=DIRECTION('Axis2P3D XDirection',(0.,-1.,-1.50240734618E-016)) ;
#2214=DIRECTION('Vector Direction',(-0.51503807491,-0.857167300702,2.01245765702E-032)) ;
#2223=DIRECTION('Axis2P3D Direction',(-1.,-5.28767658312E-032,3.5194693347E-016)) ;
#2230=DIRECTION('Axis2P3D Direction',(-1.,-5.28767658312E-032,3.5194693347E-016)) ;
#2237=DIRECTION('Vector Direction',(-0.51503807491,0.857167300702,4.15016768306E-016)) ;
#2249=DIRECTION('Axis2P3D Direction',(-1.,0.,-2.50042572039E-016)) ;
#2250=DIRECTION('Axis2P3D XDirection',(0.,-1.,2.77800992362E-017)) ;
#2254=DIRECTION('Axis2P3D Direction',(1.,6.94620746451E-033,2.50042572039E-016)) ;
#2261=DIRECTION('Axis2P3D Direction',(1.,6.94620746451E-033,2.50042572039E-016)) ;
#2273=DIRECTION('Axis2P3D Direction',(-1.,0.,0.)) ;
#2274=DIRECTION('Axis2P3D XDirection',(0.,-1.,0.)) ;
#2278=DIRECTION('Vector Direction',(-1.,0.,0.)) ;
#2285=DIRECTION('Axis2P3D Direction',(-1.,0.,0.)) ;
#2292=DIRECTION('Vector Direction',(-1.,0.,0.)) ;
#2304=DIRECTION('Vector Direction',(-1.,0.,0.)) ;
#2311=DIRECTION('Axis2P3D Direction',(-1.,0.,0.)) ;
#2323=DIRECTION('Axis2P3D Direction',(-1.,0.,0.)) ;
#2324=DIRECTION('Axis2P3D XDirection',(0.,1.,0.)) ;
#2328=DIRECTION('Axis2P3D Direction',(-1.,0.,0.)) ;
#2337=DIRECTION('Axis2P3D Direction',(-1.,0.,0.)) ;
#2344=DIRECTION('Vector Direction',(0.,0.,1.)) ;
#2349=DIRECTION('Vector Direction',(0.,0.,1.)) ;
#2363=DIRECTION('Axis2P3D Direction',(-1.,0.,0.)) ;
#2364=DIRECTION('Axis2P3D XDirection',(0.,0.87758256189,-0.479425538604)) ;
#2368=DIRECTION('Vector Direction',(-1.,0.,0.)) ;
#2373=DIRECTION('Vector Direction',(-1.,0.,0.)) ;
#2380=DIRECTION('Axis2P3D Direction',(-1.,0.,0.)) ;
#2387=DIRECTION('Vector Direction',(-1.,0.,0.)) ;
#2401=DIRECTION('Vector Direction',(-1.,0.,0.)) ;
#2408=DIRECTION('Axis2P3D Direction',(-1.,0.,0.)) ;
#2422=DIRECTION('Axis2P3D Direction',(-1.,0.,0.)) ;
#2423=DIRECTION('Axis2P3D XDirection',(-0.,-1.,-0.)) ;
#2427=DIRECTION('Vector Direction',(0.,0.,1.)) ;
#2432=DIRECTION('Vector Direction',(0.,0.,1.)) ;
#2446=DIRECTION('Axis2P3D Direction',(0.,1.,0.)) ;
#2447=DIRECTION('Axis2P3D XDirection',(0.,0.,1.)) ;
#2467=DIRECTION('Axis2P3D Direction',(1.,0.,0.)) ;
#2468=DIRECTION('Axis2P3D XDirection',(0.,-0.87758256189,-0.479425538604)) ;
#2472=DIRECTION('Vector Direction',(1.,0.,0.)) ;
#2481=DIRECTION('Axis2P3D Direction',(1.,0.,0.)) ;
#2488=DIRECTION('Vector Direction',(1.,0.,0.)) ;
#2495=DIRECTION('Axis2P3D Direction',(1.,0.,0.)) ;
#2507=DIRECTION('Axis2P3D Direction',(1.,0.,0.)) ;
#2512=DIRECTION('Axis2P3D Direction',(1.,0.,0.)) ;
#2524=DIRECTION('Axis2P3D Direction',(-1.,0.,0.)) ;
#2533=DIRECTION('Axis2P3D Direction',(-1.,0.,0.)) ;
#2551=DIRECTION('Axis2P3D Direction',(-1.,0.,0.)) ;
#2560=DIRECTION('Axis2P3D Direction',(-1.,0.,0.)) ;
#2570=DIRECTION('Axis2P3D Direction',(1.,0.,0.)) ;
#2571=DIRECTION('Axis2P3D XDirection',(0.,-0.87758256189,-0.479425538604)) ;
#2575=DIRECTION('Vector Direction',(0.51503807491,-0.752235075719,-0.410947894813)) ;
#2584=DIRECTION('Axis2P3D Direction',(-1.,0.,0.)) ;
#2591=DIRECTION('Vector Direction',(0.51503807491,0.752235075719,0.410947894813)) ;
#2602=DIRECTION('Axis2P3D Direction',(-1.,0.,0.)) ;
#2613=DIRECTION('Axis2P3D Direction',(1.,0.,0.)) ;
#2614=DIRECTION('Axis2P3D XDirection',(0.,-0.87758256189,-0.479425538604)) ;
#2618=DIRECTION('Vector Direction',(1.,0.,0.)) ;
#2625=DIRECTION('Axis2P3D Direction',(1.,0.,0.)) ;
#2632=DIRECTION('Vector Direction',(1.,0.,0.)) ;
#2644=DIRECTION('Axis2P3D Direction',(1.,0.,0.)) ;
#2656=DIRECTION('Axis2P3D Direction',(1.,0.,0.)) ;
#2657=DIRECTION('Axis2P3D XDirection',(0.,-0.87758256189,-0.479425538604)) ;
#2661=DIRECTION('Vector Direction',(0.51503807491,-0.752235075719,-0.410947894813)) ;
#2668=DIRECTION('Axis2P3D Direction',(-1.,0.,0.)) ;
#2675=DIRECTION('Vector Direction',(0.51503807491,0.752235075719,0.410947894813)) ;
#2687=DIRECTION('Axis2P3D Direction',(-1.,0.,0.)) ;
#2699=DIRECTION('Axis2P3D Direction',(1.,0.,0.)) ;
#2700=DIRECTION('Axis2P3D XDirection',(0.,-0.87758256189,-0.479425538604)) ;
#2704=DIRECTION('Vector Direction',(1.,0.,0.)) ;
#2709=DIRECTION('Vector Direction',(1.,0.,0.)) ;
#2728=DIRECTION('Axis2P3D Direction',(-1.,0.,3.5194693347E-016)) ;
#2729=DIRECTION('Axis2P3D XDirection',(0.,1.,-1.50240734618E-016)) ;
#2733=DIRECTION('Vector Direction',(-0.51503807491,-0.857167300702,4.15016768306E-016)) ;
#2742=DIRECTION('Axis2P3D Direction',(1.,-5.28767658312E-032,-3.5194693347E-016)) ;
#2749=DIRECTION('Axis2P3D Direction',(1.,-5.28767658312E-032,-3.5194693347E-016)) ;
#2756=DIRECTION('Vector Direction',(-0.51503807491,0.857167300702,1.00622882851E-031)) ;
#2768=DIRECTION('Axis2P3D Direction',(-1.,-0.,-2.50042572039E-016)) ;
#2769=DIRECTION('Axis2P3D XDirection',(0.,1.,2.77800992362E-017)) ;
#2773=DIRECTION('Axis2P3D Direction',(-1.,6.94620746451E-033,-2.50042572039E-016)) ;
#2780=DIRECTION('Axis2P3D Direction',(-1.,6.94620746451E-033,-2.50042572039E-016)) ;
#2792=DIRECTION('Axis2P3D Direction',(1.,0.,-0.)) ;
#2793=DIRECTION('Axis2P3D XDirection',(0.,1.,0.)) ;
#2797=DIRECTION('Vector Direction',(1.,0.,0.)) ;
#2804=DIRECTION('Axis2P3D Direction',(1.,0.,-0.)) ;
#2811=DIRECTION('Vector Direction',(1.,0.,0.)) ;
#2823=DIRECTION('Axis2P3D Direction',(1.,0.,-0.)) ;
#2830=DIRECTION('Vector Direction',(1.,0.,0.)) ;
#2842=DIRECTION('Vector Direction',(0.,0.,1.)) ;
#2849=DIRECTION('Vector Direction',(0.,0.,1.)) ;
#2856=DIRECTION('Axis2P3D Direction',(-1.,0.,0.)) ;
#2863=DIRECTION('Axis2P3D Direction',(-1.,0.,0.)) ;
#2877=DIRECTION('Axis2P3D Direction',(1.,0.,0.)) ;
#2878=DIRECTION('Axis2P3D XDirection',(0.,-0.87758256189,-0.479425538604)) ;
#2882=DIRECTION('Vector Direction',(1.,0.,0.)) ;
#2889=DIRECTION('Axis2P3D Direction',(1.,0.,0.)) ;
#2896=DIRECTION('Vector Direction',(1.,0.,0.)) ;
#2901=DIRECTION('Vector Direction',(1.,0.,0.)) ;
#2915=DIRECTION('Axis2P3D Direction',(1.,0.,0.)) ;
#2922=DIRECTION('Vector Direction',(1.,0.,0.)) ;
#2936=DIRECTION('Vector Direction',(0.,0.,1.)) ;
#2941=DIRECTION('Vector Direction',(0.,0.,1.)) ;
#2955=DIRECTION('Axis2P3D Direction',(0.,1.,0.)) ;
#2956=DIRECTION('Axis2P3D XDirection',(0.,0.,1.)) ;
#48=AXIS2_PLACEMENT_3D(' ',#47,$,$) ;
#55=AXIS2_PLACEMENT_3D('Plane Axis2P3D',#52,#53,#54) ;
#95=AXIS2_PLACEMENT_3D('Plane Axis2P3D',#92,#93,#94) ;
#126=AXIS2_PLACEMENT_3D('Plane Axis2P3D',#123,#124,#125) ;
#150=AXIS2_PLACEMENT_3D('Plane Axis2P3D',#147,#148,#149) ;
#174=AXIS2_PLACEMENT_3D('Plane Axis2P3D',#171,#172,#173) ;
#191=AXIS2_PLACEMENT_3D('Plane Axis2P3D',#188,#189,#190) ;
#342=AXIS2_PLACEMENT_3D('Plane Axis2P3D',#339,#340,#341) ;
#373=AXIS2_PLACEMENT_3D('Plane Axis2P3D',#370,#371,#372) ;
#397=AXIS2_PLACEMENT_3D('Plane Axis2P3D',#394,#395,#396) ;
#421=AXIS2_PLACEMENT_3D('Plane Axis2P3D',#418,#419,#420) ;
#549=AXIS2_PLACEMENT_3D('Plane Axis2P3D',#546,#547,#548) ;
#601=AXIS2_PLACEMENT_3D('Plane Axis2P3D',#598,#599,#600) ;
#653=AXIS2_PLACEMENT_3D('Plane Axis2P3D',#650,#651,#652) ;
#684=AXIS2_PLACEMENT_3D('Plane Axis2P3D',#681,#682,#683) ;
#715=AXIS2_PLACEMENT_3D('Plane Axis2P3D',#712,#713,#714) ;
#737=AXIS2_PLACEMENT_3D('Cylinder Axis2P3D',#734,#735,#736) ;
#741=AXIS2_PLACEMENT_3D('Circle Axis2P3D',#739,#740,$) ;
#748=AXIS2_PLACEMENT_3D('Circle Axis2P3D',#746,#747,$) ;
#768=AXIS2_PLACEMENT_3D('Plane Axis2P3D',#765,#766,#767) ;
#799=AXIS2_PLACEMENT_3D('Cylinder Axis2P3D',#796,#797,#798) ;
#803=AXIS2_PLACEMENT_3D('Circle Axis2P3D',#801,#802,$) ;
#808=AXIS2_PLACEMENT_3D('Circle Axis2P3D',#806,#807,$) ;
#821=AXIS2_PLACEMENT_3D('Plane Axis2P3D',#818,#819,#820) ;
#844=AXIS2_PLACEMENT_3D('Circle Axis2P3D',#842,#843,$) ;
#886=AXIS2_PLACEMENT_3D('Circle Axis2P3D',#884,#885,$) ;
#903=AXIS2_PLACEMENT_3D('Cylinder Axis2P3D',#900,#901,#902) ;
#914=AXIS2_PLACEMENT_3D('Circle Axis2P3D',#912,#913,$) ;
#934=AXIS2_PLACEMENT_3D('Plane Axis2P3D',#931,#932,#933) ;
#958=AXIS2_PLACEMENT_3D('Cylinder Axis2P3D',#955,#956,#957) ;
#962=AXIS2_PLACEMENT_3D('Circle Axis2P3D',#960,#961,$) ;
#982=AXIS2_PLACEMENT_3D('Plane Axis2P3D',#979,#980,#981) ;
#1006=AXIS2_PLACEMENT_3D('Plane Axis2P3D',#1003,#1004,#1005) ;
#1030=AXIS2_PLACEMENT_3D('Plane Axis2P3D',#1027,#1028,#1029) ;
#1054=AXIS2_PLACEMENT_3D('Plane Axis2P3D',#1051,#1052,#1053) ;
#1078=AXIS2_PLACEMENT_3D('Plane Axis2P3D',#1075,#1076,#1077) ;
#1095=AXIS2_PLACEMENT_3D('Cylinder Axis2P3D',#1092,#1093,#1094) ;
#1099=AXIS2_PLACEMENT_3D('Circle Axis2P3D',#1097,#1098,$) ;
#1115=AXIS2_PLACEMENT_3D('Circle Axis2P3D',#1113,#1114,$) ;
#1134=AXIS2_PLACEMENT_3D('Circle Axis2P3D',#1132,#1133,$) ;
#1139=AXIS2_PLACEMENT_3D('Circle Axis2P3D',#1137,#1138,$) ;
#1152=AXIS2_PLACEMENT_3D('Cylinder Axis2P3D',#1149,#1150,#1151) ;
#1156=AXIS2_PLACEMENT_3D('Circle Axis2P3D',#1154,#1155,$) ;
#1172=AXIS2_PLACEMENT_3D('Circle Axis2P3D',#1170,#1171,$) ;
#1191=AXIS2_PLACEMENT_3D('Circle Axis2P3D',#1189,#1190,$) ;
#1196=AXIS2_PLACEMENT_3D('Circle Axis2P3D',#1194,#1195,$) ;
#1209=AXIS2_PLACEMENT_3D('Plane Axis2P3D',#1206,#1207,#1208) ;
#1223=AXIS2_PLACEMENT_3D('Circle Axis2P3D',#1221,#1222,$) ;
#1239=AXIS2_PLACEMENT_3D('Circle Axis2P3D',#1237,#1238,$) ;
#1246=AXIS2_PLACEMENT_3D('Circle Axis2P3D',#1244,#1245,$) ;
#1253=AXIS2_PLACEMENT_3D('Circle Axis2P3D',#1251,#1252,$) ;
#1267=AXIS2_PLACEMENT_3D('Circle Axis2P3D',#1265,#1266,$) ;
#1274=AXIS2_PLACEMENT_3D('Circle Axis2P3D',#1272,#1273,$) ;
#1299=AXIS2_PLACEMENT_3D('Cylinder Axis2P3D',#1296,#1297,#1298) ;
#1317=AXIS2_PLACEMENT_3D('Circle Axis2P3D',#1315,#1316,$) ;
#1330=AXIS2_PLACEMENT_3D('Cylinder Axis2P3D',#1327,#1328,#1329) ;
#1334=AXIS2_PLACEMENT_3D('Circle Axis2P3D',#1332,#1333,$) ;
#1354=AXIS2_PLACEMENT_3D('Plane Axis2P3D',#1351,#1352,#1353) ;
#1378=AXIS2_PLACEMENT_3D('Cylinder Axis2P3D',#1375,#1376,#1377) ;
#1389=AXIS2_PLACEMENT_3D('Circle Axis2P3D',#1387,#1388,$) ;
#1402=AXIS2_PLACEMENT_3D('Cylinder Axis2P3D',#1399,#1400,#1401) ;
#1413=AXIS2_PLACEMENT_3D('Circle Axis2P3D',#1411,#1412,$) ;
#1426=AXIS2_PLACEMENT_3D('Plane Axis2P3D',#1423,#1424,#1425) ;
#1450=AXIS2_PLACEMENT_3D('Cylinder Axis2P3D',#1447,#1448,#1449) ;
#1454=AXIS2_PLACEMENT_3D('Circle Axis2P3D',#1452,#1453,$) ;
#1474=AXIS2_PLACEMENT_3D('Cylinder Axis2P3D',#1471,#1472,#1473) ;
#1478=AXIS2_PLACEMENT_3D('Circle Axis2P3D',#1476,#1477,$) ;
#1491=AXIS2_PLACEMENT_3D('Plane Axis2P3D',#1488,#1489,#1490) ;
#1515=AXIS2_PLACEMENT_3D('Circle Axis2P3D',#1513,#1514,$) ;
#1524=AXIS2_PLACEMENT_3D('Circle Axis2P3D',#1522,#1523,$) ;
#1533=AXIS2_PLACEMENT_3D('Circle Axis2P3D',#1531,#1532,$) ;
#1542=AXIS2_PLACEMENT_3D('Circle Axis2P3D',#1540,#1541,$) ;
#1553=AXIS2_PLACEMENT_3D('Cylinder Axis2P3D',#1550,#1551,#1552) ;
#1564=AXIS2_PLACEMENT_3D('Circle Axis2P3D',#1562,#1563,$) ;
#1583=AXIS2_PLACEMENT_3D('Circle Axis2P3D',#1581,#1582,$) ;
#1596=AXIS2_PLACEMENT_3D('Cylinder Axis2P3D',#1593,#1594,#1595) ;
#1607=AXIS2_PLACEMENT_3D('Circle Axis2P3D',#1605,#1606,$) ;
#1626=AXIS2_PLACEMENT_3D('Circle Axis2P3D',#1624,#1625,$) ;
#1639=AXIS2_PLACEMENT_3D('Plane Axis2P3D',#1636,#1637,#1638) ;
#1647=AXIS2_PLACEMENT_3D('Circle Axis2P3D',#1645,#1646,$) ;
#1656=AXIS2_PLACEMENT_3D('Circle Axis2P3D',#1654,#1655,$) ;
#1670=AXIS2_PLACEMENT_3D('Circle Axis2P3D',#1668,#1669,$) ;
#1679=AXIS2_PLACEMENT_3D('Circle Axis2P3D',#1677,#1678,$) ;
#1690=AXIS2_PLACEMENT_3D('Plane Axis2P3D',#1687,#1688,#1689) ;
#1698=AXIS2_PLACEMENT_3D('Circle Axis2P3D',#1696,#1697,$) ;
#1707=AXIS2_PLACEMENT_3D('Circle Axis2P3D',#1705,#1706,$) ;
#1721=AXIS2_PLACEMENT_3D('Circle Axis2P3D',#1719,#1720,$) ;
#1730=AXIS2_PLACEMENT_3D('Circle Axis2P3D',#1728,#1729,$) ;
#1741=AXIS2_PLACEMENT_3D('Plane Axis2P3D',#1738,#1739,#1740) ;
#1745=AXIS2_PLACEMENT_3D('Circle Axis2P3D',#1743,#1744,$) ;
#1754=AXIS2_PLACEMENT_3D('Circle Axis2P3D',#1752,#1753,$) ;
#1763=AXIS2_PLACEMENT_3D('Circle Axis2P3D',#1761,#1762,$) ;
#1772=AXIS2_PLACEMENT_3D('Circle Axis2P3D',#1770,#1771,$) ;
#1783=AXIS2_PLACEMENT_3D('Cylinder Axis2P3D',#1780,#1781,#1782) ;
#1812=AXIS2_PLACEMENT_3D('Cylinder Axis2P3D',#1809,#1810,#1811) ;
#1840=AXIS2_PLACEMENT_3D('Circle Axis2P3D',#1838,#1839,$) ;
#1849=AXIS2_PLACEMENT_3D('Circle Axis2P3D',#1847,#1848,$) ;
#1858=AXIS2_PLACEMENT_3D('Circle Axis2P3D',#1856,#1857,$) ;
#1867=AXIS2_PLACEMENT_3D('Circle Axis2P3D',#1865,#1866,$) ;
#1878=AXIS2_PLACEMENT_3D('Cylinder Axis2P3D',#1875,#1876,#1877) ;
#1907=AXIS2_PLACEMENT_3D('Cylinder Axis2P3D',#1904,#1905,#1906) ;
#1940=AXIS2_PLACEMENT_3D('Cylinder Axis2P3D',#1937,#1938,#1939) ;
#1944=AXIS2_PLACEMENT_3D('Circle Axis2P3D',#1942,#1943,$) ;
#1960=AXIS2_PLACEMENT_3D('Circle Axis2P3D',#1958,#1959,$) ;
#1979=AXIS2_PLACEMENT_3D('Circle Axis2P3D',#1977,#1978,$) ;
#1984=AXIS2_PLACEMENT_3D('Circle Axis2P3D',#1982,#1983,$) ;
#1997=AXIS2_PLACEMENT_3D('Plane Axis2P3D',#1994,#1995,#1996) ;
#2001=AXIS2_PLACEMENT_3D('Circle Axis2P3D',#1999,#2000,$) ;
#2010=AXIS2_PLACEMENT_3D('Circle Axis2P3D',#2008,#2009,$) ;
#2025=AXIS2_PLACEMENT_3D('Plane Axis2P3D',#2022,#2023,#2024) ;
#2033=AXIS2_PLACEMENT_3D('Circle Axis2P3D',#2031,#2032,$) ;
#2042=AXIS2_PLACEMENT_3D('Circle Axis2P3D',#2040,#2041,$) ;
#2053=AXIS2_PLACEMENT_3D('Cone Axis2P3D',#2050,#2051,#2052) ;
#2066=AXIS2_PLACEMENT_3D('Circle Axis2P3D',#2064,#2065,$) ;
#2084=AXIS2_PLACEMENT_3D('Circle Axis2P3D',#2082,#2083,$) ;
#2096=AXIS2_PLACEMENT_3D('Cylinder Axis2P3D',#2093,#2094,#2095) ;
#2107=AXIS2_PLACEMENT_3D('Circle Axis2P3D',#2105,#2106,$) ;
#2126=AXIS2_PLACEMENT_3D('Circle Axis2P3D',#2124,#2125,$) ;
#2139=AXIS2_PLACEMENT_3D('Cone Axis2P3D',#2136,#2137,#2138) ;
#2150=AXIS2_PLACEMENT_3D('Circle Axis2P3D',#2148,#2149,$) ;
#2169=AXIS2_PLACEMENT_3D('Circle Axis2P3D',#2167,#2168,$) ;
#2182=AXIS2_PLACEMENT_3D('Cylinder Axis2P3D',#2179,#2180,#2181) ;
#2211=AXIS2_PLACEMENT_3D('Cone Axis2P3D',#2208,#2209,#2210) ;
#2224=AXIS2_PLACEMENT_3D('Circle Axis2P3D',#2222,#2223,$) ;
#2231=AXIS2_PLACEMENT_3D('Circle Axis2P3D',#2229,#2230,$) ;
#2251=AXIS2_PLACEMENT_3D('Cone Axis2P3D',#2248,#2249,#2250) ;
#2255=AXIS2_PLACEMENT_3D('Circle Axis2P3D',#2253,#2254,$) ;
#2262=AXIS2_PLACEMENT_3D('Circle Axis2P3D',#2260,#2261,$) ;
#2275=AXIS2_PLACEMENT_3D('Cylinder Axis2P3D',#2272,#2273,#2274) ;
#2286=AXIS2_PLACEMENT_3D('Circle Axis2P3D',#2284,#2285,$) ;
#2312=AXIS2_PLACEMENT_3D('Circle Axis2P3D',#2310,#2311,$) ;
#2325=AXIS2_PLACEMENT_3D('Plane Axis2P3D',#2322,#2323,#2324) ;
#2329=AXIS2_PLACEMENT_3D('Circle Axis2P3D',#2327,#2328,$) ;
#2338=AXIS2_PLACEMENT_3D('Circle Axis2P3D',#2336,#2337,$) ;
#2365=AXIS2_PLACEMENT_3D('Cylinder Axis2P3D',#2362,#2363,#2364) ;
#2381=AXIS2_PLACEMENT_3D('Circle Axis2P3D',#2379,#2380,$) ;
#2409=AXIS2_PLACEMENT_3D('Circle Axis2P3D',#2407,#2408,$) ;
#2424=AXIS2_PLACEMENT_3D('Plane Axis2P3D',#2421,#2422,#2423) ;
#2448=AXIS2_PLACEMENT_3D('Plane Axis2P3D',#2445,#2446,#2447) ;
#2469=AXIS2_PLACEMENT_3D('Cylinder Axis2P3D',#2466,#2467,#2468) ;
#2482=AXIS2_PLACEMENT_3D('Circle Axis2P3D',#2480,#2481,$) ;
#2496=AXIS2_PLACEMENT_3D('Circle Axis2P3D',#2494,#2495,$) ;
#2508=AXIS2_PLACEMENT_3D('Circle Axis2P3D',#2506,#2507,$) ;
#2513=AXIS2_PLACEMENT_3D('Circle Axis2P3D',#2511,#2512,$) ;
#2525=AXIS2_PLACEMENT_3D('Circle Axis2P3D',#2523,#2524,$) ;
#2534=AXIS2_PLACEMENT_3D('Circle Axis2P3D',#2532,#2533,$) ;
#2552=AXIS2_PLACEMENT_3D('Circle Axis2P3D',#2550,#2551,$) ;
#2561=AXIS2_PLACEMENT_3D('Circle Axis2P3D',#2559,#2560,$) ;
#2572=AXIS2_PLACEMENT_3D('Cone Axis2P3D',#2569,#2570,#2571) ;
#2585=AXIS2_PLACEMENT_3D('Circle Axis2P3D',#2583,#2584,$) ;
#2603=AXIS2_PLACEMENT_3D('Circle Axis2P3D',#2601,#2602,$) ;
#2615=AXIS2_PLACEMENT_3D('Cylinder Axis2P3D',#2612,#2613,#2614) ;
#2626=AXIS2_PLACEMENT_3D('Circle Axis2P3D',#2624,#2625,$) ;
#2645=AXIS2_PLACEMENT_3D('Circle Axis2P3D',#2643,#2644,$) ;
#2658=AXIS2_PLACEMENT_3D('Cone Axis2P3D',#2655,#2656,#2657) ;
#2669=AXIS2_PLACEMENT_3D('Circle Axis2P3D',#2667,#2668,$) ;
#2688=AXIS2_PLACEMENT_3D('Circle Axis2P3D',#2686,#2687,$) ;
#2701=AXIS2_PLACEMENT_3D('Cylinder Axis2P3D',#2698,#2699,#2700) ;
#2730=AXIS2_PLACEMENT_3D('Cone Axis2P3D',#2727,#2728,#2729) ;
#2743=AXIS2_PLACEMENT_3D('Circle Axis2P3D',#2741,#2742,$) ;
#2750=AXIS2_PLACEMENT_3D('Circle Axis2P3D',#2748,#2749,$) ;
#2770=AXIS2_PLACEMENT_3D('Cone Axis2P3D',#2767,#2768,#2769) ;
#2774=AXIS2_PLACEMENT_3D('Circle Axis2P3D',#2772,#2773,$) ;
#2781=AXIS2_PLACEMENT_3D('Circle Axis2P3D',#2779,#2780,$) ;
#2794=AXIS2_PLACEMENT_3D('Cylinder Axis2P3D',#2791,#2792,#2793) ;
#2805=AXIS2_PLACEMENT_3D('Circle Axis2P3D',#2803,#2804,$) ;
#2824=AXIS2_PLACEMENT_3D('Circle Axis2P3D',#2822,#2823,$) ;
#2857=AXIS2_PLACEMENT_3D('Circle Axis2P3D',#2855,#2856,$) ;
#2864=AXIS2_PLACEMENT_3D('Circle Axis2P3D',#2862,#2863,$) ;
#2879=AXIS2_PLACEMENT_3D('Cylinder Axis2P3D',#2876,#2877,#2878) ;
#2890=AXIS2_PLACEMENT_3D('Circle Axis2P3D',#2888,#2889,$) ;
#2916=AXIS2_PLACEMENT_3D('Circle Axis2P3D',#2914,#2915,$) ;
#2957=AXIS2_PLACEMENT_3D('Plane Axis2P3D',#2954,#2955,#2956) ;
#40=PRODUCT_DEFINITION_SHAPE(' ',' ',#14) ;
#31=APPROVAL_PERSON_ORGANIZATION(#25,#21,#19) ;
#25=PERSON_AND_ORGANIZATION(#22,#23) ;
#22=PERSON(' ',' ',' ',$,$,$) ;
#23=ORGANIZATION(' ',' ',' ') ;
#21=APPROVAL(#20,' ') ;
#20=APPROVAL_STATUS('not_yet_approved') ;
#19=APPROVAL_ROLE('APPROVER') ;
#13=DATE_AND_TIME(#11,#12) ;
#12=LOCAL_TIME(0,31,28.,#10) ;
#10=COORDINATED_UNIVERSAL_TIME_OFFSET(0,0,.AHEAD.) ;
#86=ORIENTED_EDGE('',*,*,#65,.T.) ;
#87=ORIENTED_EDGE('',*,*,#72,.T.) ;
#88=ORIENTED_EDGE('',*,*,#79,.T.) ;
#89=ORIENTED_EDGE('',*,*,#84,.T.) ;
#117=ORIENTED_EDGE('',*,*,#103,.T.) ;
#118=ORIENTED_EDGE('',*,*,#65,.F.) ;
#119=ORIENTED_EDGE('',*,*,#110,.F.) ;
#120=ORIENTED_EDGE('',*,*,#115,.T.) ;
#141=ORIENTED_EDGE('',*,*,#134,.F.) ;
#142=ORIENTED_EDGE('',*,*,#139,.T.) ;
#143=ORIENTED_EDGE('',*,*,#72,.F.) ;
#144=ORIENTED_EDGE('',*,*,#103,.F.) ;
#165=ORIENTED_EDGE('',*,*,#158,.T.) ;
#166=ORIENTED_EDGE('',*,*,#79,.F.) ;
#167=ORIENTED_EDGE('',*,*,#139,.F.) ;
#168=ORIENTED_EDGE('',*,*,#163,.T.) ;
#182=ORIENTED_EDGE('',*,*,#180,.F.) ;
#183=ORIENTED_EDGE('',*,*,#110,.T.) ;
#184=ORIENTED_EDGE('',*,*,#84,.F.) ;
#185=ORIENTED_EDGE('',*,*,#158,.F.) ;
#222=ORIENTED_EDGE('',*,*,#201,.F.) ;
#223=ORIENTED_EDGE('',*,*,#208,.F.) ;
#224=ORIENTED_EDGE('',*,*,#215,.F.) ;
#225=ORIENTED_EDGE('',*,*,#220,.F.) ;
#248=ORIENTED_EDGE('',*,*,#234,.F.) ;
#249=ORIENTED_EDGE('',*,*,#220,.T.) ;
#250=ORIENTED_EDGE('',*,*,#241,.T.) ;
#251=ORIENTED_EDGE('',*,*,#246,.F.) ;
#267=ORIENTED_EDGE('',*,*,#260,.T.) ;
#268=ORIENTED_EDGE('',*,*,#241,.F.) ;
#269=ORIENTED_EDGE('',*,*,#215,.T.) ;
#270=ORIENTED_EDGE('',*,*,#265,.T.) ;
#286=ORIENTED_EDGE('',*,*,#265,.F.) ;
#287=ORIENTED_EDGE('',*,*,#208,.T.) ;
#288=ORIENTED_EDGE('',*,*,#279,.T.) ;
#289=ORIENTED_EDGE('',*,*,#284,.F.) ;
#298=ORIENTED_EDGE('',*,*,#296,.T.) ;
#299=ORIENTED_EDGE('',*,*,#279,.F.) ;
#300=ORIENTED_EDGE('',*,*,#201,.T.) ;
#301=ORIENTED_EDGE('',*,*,#234,.T.) ;
#333=ORIENTED_EDGE('',*,*,#312,.T.) ;
#334=ORIENTED_EDGE('',*,*,#319,.T.) ;
#335=ORIENTED_EDGE('',*,*,#326,.T.) ;
#336=ORIENTED_EDGE('',*,*,#331,.T.) ;
#364=ORIENTED_EDGE('',*,*,#350,.T.) ;
#365=ORIENTED_EDGE('',*,*,#312,.F.) ;
#366=ORIENTED_EDGE('',*,*,#357,.F.) ;
#367=ORIENTED_EDGE('',*,*,#362,.T.) ;
#388=ORIENTED_EDGE('',*,*,#381,.F.) ;
#389=ORIENTED_EDGE('',*,*,#386,.T.) ;
#390=ORIENTED_EDGE('',*,*,#319,.F.) ;
#391=ORIENTED_EDGE('',*,*,#350,.F.) ;
#412=ORIENTED_EDGE('',*,*,#405,.T.) ;
#413=ORIENTED_EDGE('',*,*,#326,.F.) ;
#414=ORIENTED_EDGE('',*,*,#386,.F.) ;
#415=ORIENTED_EDGE('',*,*,#410,.T.) ;
#429=ORIENTED_EDGE('',*,*,#427,.F.) ;
#430=ORIENTED_EDGE('',*,*,#357,.T.) ;
#431=ORIENTED_EDGE('',*,*,#331,.F.) ;
#432=ORIENTED_EDGE('',*,*,#405,.F.) ;
#464=ORIENTED_EDGE('',*,*,#443,.F.) ;
#465=ORIENTED_EDGE('',*,*,#450,.F.) ;
#466=ORIENTED_EDGE('',*,*,#457,.F.) ;
#467=ORIENTED_EDGE('',*,*,#462,.F.) ;
#490=ORIENTED_EDGE('',*,*,#476,.F.) ;
#491=ORIENTED_EDGE('',*,*,#462,.T.) ;
#492=ORIENTED_EDGE('',*,*,#483,.T.) ;
#493=ORIENTED_EDGE('',*,*,#488,.F.) ;
#509=ORIENTED_EDGE('',*,*,#502,.T.) ;
#510=ORIENTED_EDGE('',*,*,#483,.F.) ;
#511=ORIENTED_EDGE('',*,*,#457,.T.) ;
#512=ORIENTED_EDGE('',*,*,#507,.T.) ;
#528=ORIENTED_EDGE('',*,*,#507,.F.) ;
#529=ORIENTED_EDGE('',*,*,#450,.T.) ;
#530=ORIENTED_EDGE('',*,*,#521,.T.) ;
#531=ORIENTED_EDGE('',*,*,#526,.F.) ;
#540=ORIENTED_EDGE('',*,*,#538,.T.) ;
#541=ORIENTED_EDGE('',*,*,#521,.F.) ;
#542=ORIENTED_EDGE('',*,*,#443,.T.) ;
#543=ORIENTED_EDGE('',*,*,#476,.T.) ;
#580=ORIENTED_EDGE('',*,*,#559,.T.) ;
#581=ORIENTED_EDGE('',*,*,#566,.F.) ;
#582=ORIENTED_EDGE('',*,*,#573,.F.) ;
#583=ORIENTED_EDGE('',*,*,#578,.T.) ;
#586=ORIENTED_EDGE('',*,*,#410,.F.) ;
#587=ORIENTED_EDGE('',*,*,#381,.T.) ;
#588=ORIENTED_EDGE('',*,*,#362,.F.) ;
#589=ORIENTED_EDGE('',*,*,#427,.T.) ;
#592=ORIENTED_EDGE('',*,*,#163,.F.) ;
#593=ORIENTED_EDGE('',*,*,#134,.T.) ;
#594=ORIENTED_EDGE('',*,*,#115,.F.) ;
#595=ORIENTED_EDGE('',*,*,#180,.T.) ;
#632=ORIENTED_EDGE('',*,*,#611,.F.) ;
#633=ORIENTED_EDGE('',*,*,#618,.T.) ;
#634=ORIENTED_EDGE('',*,*,#625,.T.) ;
#635=ORIENTED_EDGE('',*,*,#630,.F.) ;
#638=ORIENTED_EDGE('',*,*,#538,.F.) ;
#639=ORIENTED_EDGE('',*,*,#488,.T.) ;
#640=ORIENTED_EDGE('',*,*,#502,.F.) ;
#641=ORIENTED_EDGE('',*,*,#526,.T.) ;
#644=ORIENTED_EDGE('',*,*,#296,.F.) ;
#645=ORIENTED_EDGE('',*,*,#246,.T.) ;
#646=ORIENTED_EDGE('',*,*,#260,.F.) ;
#647=ORIENTED_EDGE('',*,*,#284,.T.) ;
#675=ORIENTED_EDGE('',*,*,#625,.F.) ;
#676=ORIENTED_EDGE('',*,*,#661,.T.) ;
#677=ORIENTED_EDGE('',*,*,#668,.T.) ;
#678=ORIENTED_EDGE('',*,*,#673,.F.) ;
#706=ORIENTED_EDGE('',*,*,#668,.F.) ;
#707=ORIENTED_EDGE('',*,*,#692,.T.) ;
#708=ORIENTED_EDGE('',*,*,#699,.T.) ;
#709=ORIENTED_EDGE('',*,*,#704,.F.) ;
#728=ORIENTED_EDGE('',*,*,#699,.F.) ;
#729=ORIENTED_EDGE('',*,*,#721,.T.) ;
#730=ORIENTED_EDGE('',*,*,#573,.T.) ;
#731=ORIENTED_EDGE('',*,*,#726,.F.) ;
#759=ORIENTED_EDGE('',*,*,#745,.T.) ;
#760=ORIENTED_EDGE('',*,*,#559,.F.) ;
#761=ORIENTED_EDGE('',*,*,#752,.T.) ;
#762=ORIENTED_EDGE('',*,*,#757,.T.) ;
#790=ORIENTED_EDGE('',*,*,#776,.F.) ;
#791=ORIENTED_EDGE('',*,*,#757,.F.) ;
#792=ORIENTED_EDGE('',*,*,#783,.T.) ;
#793=ORIENTED_EDGE('',*,*,#788,.T.) ;
#812=ORIENTED_EDGE('',*,*,#805,.T.) ;
#813=ORIENTED_EDGE('',*,*,#788,.F.) ;
#814=ORIENTED_EDGE('',*,*,#810,.T.) ;
#815=ORIENTED_EDGE('',*,*,#611,.T.) ;
#824=ORIENTED_EDGE('',*,*,#630,.T.) ;
#825=ORIENTED_EDGE('',*,*,#673,.T.) ;
#826=ORIENTED_EDGE('',*,*,#704,.T.) ;
#827=ORIENTED_EDGE('',*,*,#726,.T.) ;
#828=ORIENTED_EDGE('',*,*,#566,.T.) ;
#829=ORIENTED_EDGE('',*,*,#745,.F.) ;
#830=ORIENTED_EDGE('',*,*,#776,.T.) ;
#831=ORIENTED_EDGE('',*,*,#805,.F.) ;
#890=ORIENTED_EDGE('',*,*,#841,.F.) ;
#891=ORIENTED_EDGE('',*,*,#848,.F.) ;
#892=ORIENTED_EDGE('',*,*,#855,.F.) ;
#893=ORIENTED_EDGE('',*,*,#862,.T.) ;
#894=ORIENTED_EDGE('',*,*,#869,.T.) ;
#895=ORIENTED_EDGE('',*,*,#876,.T.) ;
#896=ORIENTED_EDGE('',*,*,#883,.F.) ;
#897=ORIENTED_EDGE('',*,*,#888,.F.) ;
#925=ORIENTED_EDGE('',*,*,#911,.T.) ;
#926=ORIENTED_EDGE('',*,*,#918,.T.) ;
#927=ORIENTED_EDGE('',*,*,#923,.F.) ;
#928=ORIENTED_EDGE('',*,*,#888,.T.) ;
#949=ORIENTED_EDGE('',*,*,#923,.T.) ;
#950=ORIENTED_EDGE('',*,*,#942,.F.) ;
#951=ORIENTED_EDGE('',*,*,#947,.F.) ;
#952=ORIENTED_EDGE('',*,*,#841,.T.) ;
#973=ORIENTED_EDGE('',*,*,#947,.T.) ;
#974=ORIENTED_EDGE('',*,*,#966,.T.) ;
#975=ORIENTED_EDGE('',*,*,#971,.F.) ;
#976=ORIENTED_EDGE('',*,*,#848,.T.) ;
#997=ORIENTED_EDGE('',*,*,#971,.T.) ;
#998=ORIENTED_EDGE('',*,*,#990,.F.) ;
#999=ORIENTED_EDGE('',*,*,#995,.F.) ;
#1000=ORIENTED_EDGE('',*,*,#855,.T.) ;
#1021=ORIENTED_EDGE('',*,*,#862,.F.) ;
#1022=ORIENTED_EDGE('',*,*,#995,.T.) ;
#1023=ORIENTED_EDGE('',*,*,#1014,.F.) ;
#1024=ORIENTED_EDGE('',*,*,#1019,.F.) ;
#1045=ORIENTED_EDGE('',*,*,#869,.F.) ;
#1046=ORIENTED_EDGE('',*,*,#1019,.T.) ;
#1047=ORIENTED_EDGE('',*,*,#1038,.F.) ;
#1048=ORIENTED_EDGE('',*,*,#1043,.F.) ;
#1069=ORIENTED_EDGE('',*,*,#876,.F.) ;
#1070=ORIENTED_EDGE('',*,*,#1043,.T.) ;
#1071=ORIENTED_EDGE('',*,*,#1062,.F.) ;
#1072=ORIENTED_EDGE('',*,*,#1067,.F.) ;
#1086=ORIENTED_EDGE('',*,*,#1067,.T.) ;
#1087=ORIENTED_EDGE('',*,*,#1084,.F.) ;
#1088=ORIENTED_EDGE('',*,*,#911,.F.) ;
#1089=ORIENTED_EDGE('',*,*,#883,.T.) ;
#1126=ORIENTED_EDGE('',*,*,#1105,.T.) ;
#1127=ORIENTED_EDGE('',*,*,#1112,.F.) ;
#1128=ORIENTED_EDGE('',*,*,#1119,.F.) ;
#1129=ORIENTED_EDGE('',*,*,#1124,.T.) ;
#1143=ORIENTED_EDGE('',*,*,#1136,.T.) ;
#1144=ORIENTED_EDGE('',*,*,#1124,.F.) ;
#1145=ORIENTED_EDGE('',*,*,#1141,.F.) ;
#1146=ORIENTED_EDGE('',*,*,#1112,.T.) ;
#1183=ORIENTED_EDGE('',*,*,#1162,.T.) ;
#1184=ORIENTED_EDGE('',*,*,#1169,.F.) ;
#1185=ORIENTED_EDGE('',*,*,#1176,.F.) ;
#1186=ORIENTED_EDGE('',*,*,#1181,.T.) ;
#1200=ORIENTED_EDGE('',*,*,#1193,.T.) ;
#1201=ORIENTED_EDGE('',*,*,#1181,.F.) ;
#1202=ORIENTED_EDGE('',*,*,#1198,.F.) ;
#1203=ORIENTED_EDGE('',*,*,#1169,.T.) ;
#1212=ORIENTED_EDGE('',*,*,#1084,.T.) ;
#1213=ORIENTED_EDGE('',*,*,#1062,.T.) ;
#1214=ORIENTED_EDGE('',*,*,#1038,.T.) ;
#1215=ORIENTED_EDGE('',*,*,#1014,.T.) ;
#1216=ORIENTED_EDGE('',*,*,#990,.T.) ;
#1217=ORIENTED_EDGE('',*,*,#966,.F.) ;
#1218=ORIENTED_EDGE('',*,*,#942,.T.) ;
#1219=ORIENTED_EDGE('',*,*,#918,.F.) ;
#1278=ORIENTED_EDGE('',*,*,#1229,.F.) ;
#1279=ORIENTED_EDGE('',*,*,#1236,.F.) ;
#1280=ORIENTED_EDGE('',*,*,#1243,.F.) ;
#1281=ORIENTED_EDGE('',*,*,#1250,.T.) ;
#1282=ORIENTED_EDGE('',*,*,#1257,.F.) ;
#1283=ORIENTED_EDGE('',*,*,#1264,.T.) ;
#1284=ORIENTED_EDGE('',*,*,#1271,.F.) ;
#1285=ORIENTED_EDGE('',*,*,#1276,.T.) ;
#1288=ORIENTED_EDGE('',*,*,#1162,.F.) ;
#1289=ORIENTED_EDGE('',*,*,#1193,.F.) ;
#1292=ORIENTED_EDGE('',*,*,#1105,.F.) ;
#1293=ORIENTED_EDGE('',*,*,#1136,.F.) ;
#1321=ORIENTED_EDGE('',*,*,#1307,.T.) ;
#1322=ORIENTED_EDGE('',*,*,#1229,.T.) ;
#1323=ORIENTED_EDGE('',*,*,#1314,.F.) ;
#1324=ORIENTED_EDGE('',*,*,#1319,.F.) ;
#1345=ORIENTED_EDGE('',*,*,#1338,.T.) ;
#1346=ORIENTED_EDGE('',*,*,#1314,.T.) ;
#1347=ORIENTED_EDGE('',*,*,#1276,.F.) ;
#1348=ORIENTED_EDGE('',*,*,#1343,.F.) ;
#1369=ORIENTED_EDGE('',*,*,#1362,.T.) ;
#1370=ORIENTED_EDGE('',*,*,#1236,.T.) ;
#1371=ORIENTED_EDGE('',*,*,#1307,.F.) ;
#1372=ORIENTED_EDGE('',*,*,#1367,.F.) ;
#1393=ORIENTED_EDGE('',*,*,#1343,.T.) ;
#1394=ORIENTED_EDGE('',*,*,#1271,.T.) ;
#1395=ORIENTED_EDGE('',*,*,#1386,.F.) ;
#1396=ORIENTED_EDGE('',*,*,#1391,.F.) ;
#1417=ORIENTED_EDGE('',*,*,#1410,.T.) ;
#1418=ORIENTED_EDGE('',*,*,#1243,.T.) ;
#1419=ORIENTED_EDGE('',*,*,#1362,.F.) ;
#1420=ORIENTED_EDGE('',*,*,#1415,.F.) ;
#1441=ORIENTED_EDGE('',*,*,#1434,.T.) ;
#1442=ORIENTED_EDGE('',*,*,#1386,.T.) ;
#1443=ORIENTED_EDGE('',*,*,#1264,.F.) ;
#1444=ORIENTED_EDGE('',*,*,#1439,.F.) ;
#1465=ORIENTED_EDGE('',*,*,#1458,.T.) ;
#1466=ORIENTED_EDGE('',*,*,#1463,.T.) ;
#1467=ORIENTED_EDGE('',*,*,#1250,.F.) ;
#1468=ORIENTED_EDGE('',*,*,#1410,.F.) ;
#1482=ORIENTED_EDGE('',*,*,#1439,.T.) ;
#1483=ORIENTED_EDGE('',*,*,#1257,.T.) ;
#1484=ORIENTED_EDGE('',*,*,#1463,.F.) ;
#1485=ORIENTED_EDGE('',*,*,#1480,.F.) ;
#1494=ORIENTED_EDGE('',*,*,#810,.F.) ;
#1495=ORIENTED_EDGE('',*,*,#783,.F.) ;
#1496=ORIENTED_EDGE('',*,*,#752,.F.) ;
#1497=ORIENTED_EDGE('',*,*,#578,.F.) ;
#1498=ORIENTED_EDGE('',*,*,#721,.F.) ;
#1499=ORIENTED_EDGE('',*,*,#692,.F.) ;
#1500=ORIENTED_EDGE('',*,*,#661,.F.) ;
#1501=ORIENTED_EDGE('',*,*,#618,.F.) ;
#1504=ORIENTED_EDGE('',*,*,#1338,.F.) ;
#1505=ORIENTED_EDGE('',*,*,#1391,.T.) ;
#1506=ORIENTED_EDGE('',*,*,#1434,.F.) ;
#1507=ORIENTED_EDGE('',*,*,#1480,.T.) ;
#1508=ORIENTED_EDGE('',*,*,#1458,.F.) ;
#1509=ORIENTED_EDGE('',*,*,#1415,.T.) ;
#1510=ORIENTED_EDGE('',*,*,#1367,.T.) ;
#1511=ORIENTED_EDGE('',*,*,#1319,.T.) ;
#1528=ORIENTED_EDGE('',*,*,#1521,.T.) ;
#1529=ORIENTED_EDGE('',*,*,#1526,.T.) ;
#1546=ORIENTED_EDGE('',*,*,#1539,.T.) ;
#1547=ORIENTED_EDGE('',*,*,#1544,.T.) ;
#1575=ORIENTED_EDGE('',*,*,#1544,.F.) ;
#1576=ORIENTED_EDGE('',*,*,#1561,.F.) ;
#1577=ORIENTED_EDGE('',*,*,#1568,.T.) ;
#1578=ORIENTED_EDGE('',*,*,#1573,.T.) ;
#1587=ORIENTED_EDGE('',*,*,#1539,.F.) ;
#1588=ORIENTED_EDGE('',*,*,#1573,.F.) ;
#1589=ORIENTED_EDGE('',*,*,#1585,.T.) ;
#1590=ORIENTED_EDGE('',*,*,#1561,.T.) ;
#1618=ORIENTED_EDGE('',*,*,#1526,.F.) ;
#1619=ORIENTED_EDGE('',*,*,#1604,.F.) ;
#1620=ORIENTED_EDGE('',*,*,#1611,.F.) ;
#1621=ORIENTED_EDGE('',*,*,#1616,.T.) ;
#1630=ORIENTED_EDGE('',*,*,#1521,.F.) ;
#1631=ORIENTED_EDGE('',*,*,#1616,.F.) ;
#1632=ORIENTED_EDGE('',*,*,#1628,.F.) ;
#1633=ORIENTED_EDGE('',*,*,#1604,.T.) ;
#1642=ORIENTED_EDGE('',*,*,#1611,.T.) ;
#1643=ORIENTED_EDGE('',*,*,#1628,.T.) ;
#1660=ORIENTED_EDGE('',*,*,#1653,.F.) ;
#1661=ORIENTED_EDGE('',*,*,#1658,.F.) ;
#1665=ORIENTED_EDGE('',*,*,#1585,.F.) ;
#1666=ORIENTED_EDGE('',*,*,#1568,.F.) ;
#1683=ORIENTED_EDGE('',*,*,#1676,.F.) ;
#1684=ORIENTED_EDGE('',*,*,#1681,.F.) ;
#1693=ORIENTED_EDGE('',*,*,#1176,.T.) ;
#1694=ORIENTED_EDGE('',*,*,#1198,.T.) ;
#1711=ORIENTED_EDGE('',*,*,#1704,.F.) ;
#1712=ORIENTED_EDGE('',*,*,#1709,.F.) ;
#1716=ORIENTED_EDGE('',*,*,#1119,.T.) ;
#1717=ORIENTED_EDGE('',*,*,#1141,.T.) ;
#1734=ORIENTED_EDGE('',*,*,#1727,.F.) ;
#1735=ORIENTED_EDGE('',*,*,#1732,.F.) ;
#1758=ORIENTED_EDGE('',*,*,#1751,.F.) ;
#1759=ORIENTED_EDGE('',*,*,#1756,.F.) ;
#1776=ORIENTED_EDGE('',*,*,#1769,.T.) ;
#1777=ORIENTED_EDGE('',*,*,#1774,.T.) ;
#1796=ORIENTED_EDGE('',*,*,#1653,.T.) ;
#1797=ORIENTED_EDGE('',*,*,#1789,.T.) ;
#1798=ORIENTED_EDGE('',*,*,#1751,.T.) ;
#1799=ORIENTED_EDGE('',*,*,#1794,.F.) ;
#1803=ORIENTED_EDGE('',*,*,#1658,.T.) ;
#1804=ORIENTED_EDGE('',*,*,#1794,.T.) ;
#1805=ORIENTED_EDGE('',*,*,#1756,.T.) ;
#1806=ORIENTED_EDGE('',*,*,#1789,.F.) ;
#1825=ORIENTED_EDGE('',*,*,#1732,.T.) ;
#1826=ORIENTED_EDGE('',*,*,#1818,.F.) ;
#1827=ORIENTED_EDGE('',*,*,#1769,.F.) ;
#1828=ORIENTED_EDGE('',*,*,#1823,.T.) ;
#1832=ORIENTED_EDGE('',*,*,#1727,.T.) ;
#1833=ORIENTED_EDGE('',*,*,#1823,.F.) ;
#1834=ORIENTED_EDGE('',*,*,#1774,.F.) ;
#1835=ORIENTED_EDGE('',*,*,#1818,.T.) ;
#1853=ORIENTED_EDGE('',*,*,#1846,.T.) ;
#1854=ORIENTED_EDGE('',*,*,#1851,.T.) ;
#1871=ORIENTED_EDGE('',*,*,#1864,.F.) ;
#1872=ORIENTED_EDGE('',*,*,#1869,.F.) ;
#1891=ORIENTED_EDGE('',*,*,#1681,.T.) ;
#1892=ORIENTED_EDGE('',*,*,#1884,.T.) ;
#1893=ORIENTED_EDGE('',*,*,#1846,.F.) ;
#1894=ORIENTED_EDGE('',*,*,#1889,.F.) ;
#1898=ORIENTED_EDGE('',*,*,#1676,.T.) ;
#1899=ORIENTED_EDGE('',*,*,#1889,.T.) ;
#1900=ORIENTED_EDGE('',*,*,#1851,.F.) ;
#1901=ORIENTED_EDGE('',*,*,#1884,.F.) ;
#1920=ORIENTED_EDGE('',*,*,#1704,.T.) ;
#1921=ORIENTED_EDGE('',*,*,#1913,.F.) ;
#1922=ORIENTED_EDGE('',*,*,#1864,.T.) ;
#1923=ORIENTED_EDGE('',*,*,#1918,.T.) ;
#1927=ORIENTED_EDGE('',*,*,#1709,.T.) ;
#1928=ORIENTED_EDGE('',*,*,#1918,.F.) ;
#1929=ORIENTED_EDGE('',*,*,#1869,.T.) ;
#1930=ORIENTED_EDGE('',*,*,#1913,.T.) ;
#1971=ORIENTED_EDGE('',*,*,#1950,.F.) ;
#1972=ORIENTED_EDGE('',*,*,#1957,.T.) ;
#1973=ORIENTED_EDGE('',*,*,#1964,.T.) ;
#1974=ORIENTED_EDGE('',*,*,#1969,.F.) ;
#1988=ORIENTED_EDGE('',*,*,#1981,.F.) ;
#1989=ORIENTED_EDGE('',*,*,#1969,.T.) ;
#1990=ORIENTED_EDGE('',*,*,#1986,.T.) ;
#1991=ORIENTED_EDGE('',*,*,#1957,.F.) ;
#2014=ORIENTED_EDGE('',*,*,#2007,.F.) ;
#2015=ORIENTED_EDGE('',*,*,#2012,.F.) ;
#2018=ORIENTED_EDGE('',*,*,#1981,.T.) ;
#2019=ORIENTED_EDGE('',*,*,#1950,.T.) ;
#2028=ORIENTED_EDGE('',*,*,#1964,.F.) ;
#2029=ORIENTED_EDGE('',*,*,#1986,.F.) ;
#2046=ORIENTED_EDGE('',*,*,#2039,.T.) ;
#2047=ORIENTED_EDGE('',*,*,#2044,.T.) ;
#2077=ORIENTED_EDGE('',*,*,#2063,.T.) ;
#2078=ORIENTED_EDGE('',*,*,#2070,.F.) ;
#2079=ORIENTED_EDGE('',*,*,#2075,.F.) ;
#2088=ORIENTED_EDGE('',*,*,#2075,.T.) ;
#2089=ORIENTED_EDGE('',*,*,#2086,.F.) ;
#2090=ORIENTED_EDGE('',*,*,#2063,.F.) ;
#2118=ORIENTED_EDGE('',*,*,#2104,.T.) ;
#2119=ORIENTED_EDGE('',*,*,#2111,.F.) ;
#2120=ORIENTED_EDGE('',*,*,#2116,.F.) ;
#2121=ORIENTED_EDGE('',*,*,#2070,.T.) ;
#2130=ORIENTED_EDGE('',*,*,#2116,.T.) ;
#2131=ORIENTED_EDGE('',*,*,#2128,.F.) ;
#2132=ORIENTED_EDGE('',*,*,#2104,.F.) ;
#2133=ORIENTED_EDGE('',*,*,#2086,.T.) ;
#2161=ORIENTED_EDGE('',*,*,#2147,.T.) ;
#2162=ORIENTED_EDGE('',*,*,#2154,.F.) ;
#2163=ORIENTED_EDGE('',*,*,#2159,.F.) ;
#2164=ORIENTED_EDGE('',*,*,#2111,.T.) ;
#2173=ORIENTED_EDGE('',*,*,#2159,.T.) ;
#2174=ORIENTED_EDGE('',*,*,#2171,.F.) ;
#2175=ORIENTED_EDGE('',*,*,#2147,.F.) ;
#2176=ORIENTED_EDGE('',*,*,#2128,.T.) ;
#2195=ORIENTED_EDGE('',*,*,#2044,.F.) ;
#2196=ORIENTED_EDGE('',*,*,#2188,.F.) ;
#2197=ORIENTED_EDGE('',*,*,#2154,.T.) ;
#2198=ORIENTED_EDGE('',*,*,#2193,.T.) ;
#2202=ORIENTED_EDGE('',*,*,#2039,.F.) ;
#2203=ORIENTED_EDGE('',*,*,#2193,.F.) ;
#2204=ORIENTED_EDGE('',*,*,#2171,.T.) ;
#2205=ORIENTED_EDGE('',*,*,#2188,.T.) ;
#2242=ORIENTED_EDGE('',*,*,#2221,.T.) ;
#2243=ORIENTED_EDGE('',*,*,#2228,.F.) ;
#2244=ORIENTED_EDGE('',*,*,#2235,.F.) ;
#2245=ORIENTED_EDGE('',*,*,#2240,.F.) ;
#2266=ORIENTED_EDGE('',*,*,#2240,.T.) ;
#2267=ORIENTED_EDGE('',*,*,#2259,.F.) ;
#2268=ORIENTED_EDGE('',*,*,#2264,.F.) ;
#2269=ORIENTED_EDGE('',*,*,#2221,.F.) ;
#2297=ORIENTED_EDGE('',*,*,#2283,.F.) ;
#2298=ORIENTED_EDGE('',*,*,#2290,.T.) ;
#2299=ORIENTED_EDGE('',*,*,#2295,.T.) ;
#2300=ORIENTED_EDGE('',*,*,#2264,.T.) ;
#2316=ORIENTED_EDGE('',*,*,#2309,.T.) ;
#2317=ORIENTED_EDGE('',*,*,#2228,.T.) ;
#2318=ORIENTED_EDGE('',*,*,#2295,.F.) ;
#2319=ORIENTED_EDGE('',*,*,#2314,.T.) ;
#2354=ORIENTED_EDGE('',*,*,#2335,.T.) ;
#2355=ORIENTED_EDGE('',*,*,#2342,.T.) ;
#2356=ORIENTED_EDGE('',*,*,#2347,.F.) ;
#2357=ORIENTED_EDGE('',*,*,#2314,.F.) ;
#2358=ORIENTED_EDGE('',*,*,#2290,.F.) ;
#2359=ORIENTED_EDGE('',*,*,#2352,.F.) ;
#2392=ORIENTED_EDGE('',*,*,#2342,.F.) ;
#2393=ORIENTED_EDGE('',*,*,#2371,.T.) ;
#2394=ORIENTED_EDGE('',*,*,#2012,.T.) ;
#2395=ORIENTED_EDGE('',*,*,#2378,.F.) ;
#2396=ORIENTED_EDGE('',*,*,#2385,.F.) ;
#2397=ORIENTED_EDGE('',*,*,#2390,.F.) ;
#2413=ORIENTED_EDGE('',*,*,#2378,.T.) ;
#2414=ORIENTED_EDGE('',*,*,#2007,.T.) ;
#2415=ORIENTED_EDGE('',*,*,#2371,.F.) ;
#2416=ORIENTED_EDGE('',*,*,#2335,.F.) ;
#2417=ORIENTED_EDGE('',*,*,#2406,.T.) ;
#2418=ORIENTED_EDGE('',*,*,#2411,.F.) ;
#2437=ORIENTED_EDGE('',*,*,#2259,.T.) ;
#2438=ORIENTED_EDGE('',*,*,#2235,.T.) ;
#2439=ORIENTED_EDGE('',*,*,#2430,.T.) ;
#2440=ORIENTED_EDGE('',*,*,#2385,.T.) ;
#2441=ORIENTED_EDGE('',*,*,#2411,.T.) ;
#2442=ORIENTED_EDGE('',*,*,#2435,.T.) ;
#2451=ORIENTED_EDGE('',*,*,#2430,.F.) ;
#2452=ORIENTED_EDGE('',*,*,#2309,.F.) ;
#2453=ORIENTED_EDGE('',*,*,#2347,.T.) ;
#2454=ORIENTED_EDGE('',*,*,#2390,.T.) ;
#2458=ORIENTED_EDGE('',*,*,#2435,.F.) ;
#2459=ORIENTED_EDGE('',*,*,#2406,.F.) ;
#2460=ORIENTED_EDGE('',*,*,#2352,.T.) ;
#2461=ORIENTED_EDGE('',*,*,#2283,.T.) ;
#2500=ORIENTED_EDGE('',*,*,#2479,.T.) ;
#2501=ORIENTED_EDGE('',*,*,#2486,.F.) ;
#2502=ORIENTED_EDGE('',*,*,#2493,.F.) ;
#2503=ORIENTED_EDGE('',*,*,#2498,.T.) ;
#2517=ORIENTED_EDGE('',*,*,#2493,.T.) ;
#2518=ORIENTED_EDGE('',*,*,#2510,.F.) ;
#2519=ORIENTED_EDGE('',*,*,#2479,.F.) ;
#2520=ORIENTED_EDGE('',*,*,#2515,.T.) ;
#2538=ORIENTED_EDGE('',*,*,#2531,.T.) ;
#2539=ORIENTED_EDGE('',*,*,#2536,.T.) ;
#2542=ORIENTED_EDGE('',*,*,#2498,.F.) ;
#2543=ORIENTED_EDGE('',*,*,#2515,.F.) ;
#2547=ORIENTED_EDGE('',*,*,#2510,.T.) ;
#2548=ORIENTED_EDGE('',*,*,#2486,.T.) ;
#2565=ORIENTED_EDGE('',*,*,#2558,.F.) ;
#2566=ORIENTED_EDGE('',*,*,#2563,.F.) ;
#2596=ORIENTED_EDGE('',*,*,#2582,.T.) ;
#2597=ORIENTED_EDGE('',*,*,#2589,.T.) ;
#2598=ORIENTED_EDGE('',*,*,#2594,.F.) ;
#2607=ORIENTED_EDGE('',*,*,#2594,.T.) ;
#2608=ORIENTED_EDGE('',*,*,#2605,.T.) ;
#2609=ORIENTED_EDGE('',*,*,#2582,.F.) ;
#2637=ORIENTED_EDGE('',*,*,#2589,.F.) ;
#2638=ORIENTED_EDGE('',*,*,#2623,.T.) ;
#2639=ORIENTED_EDGE('',*,*,#2630,.T.) ;
#2640=ORIENTED_EDGE('',*,*,#2635,.F.) ;
#2649=ORIENTED_EDGE('',*,*,#2605,.F.) ;
#2650=ORIENTED_EDGE('',*,*,#2635,.T.) ;
#2651=ORIENTED_EDGE('',*,*,#2647,.T.) ;
#2652=ORIENTED_EDGE('',*,*,#2623,.F.) ;
#2680=ORIENTED_EDGE('',*,*,#2630,.F.) ;
#2681=ORIENTED_EDGE('',*,*,#2666,.T.) ;
#2682=ORIENTED_EDGE('',*,*,#2673,.T.) ;
#2683=ORIENTED_EDGE('',*,*,#2678,.F.) ;
#2692=ORIENTED_EDGE('',*,*,#2647,.F.) ;
#2693=ORIENTED_EDGE('',*,*,#2678,.T.) ;
#2694=ORIENTED_EDGE('',*,*,#2690,.T.) ;
#2695=ORIENTED_EDGE('',*,*,#2666,.F.) ;
#2714=ORIENTED_EDGE('',*,*,#2707,.F.) ;
#2715=ORIENTED_EDGE('',*,*,#2673,.F.) ;
#2716=ORIENTED_EDGE('',*,*,#2712,.T.) ;
#2717=ORIENTED_EDGE('',*,*,#2558,.T.) ;
#2721=ORIENTED_EDGE('',*,*,#2712,.F.) ;
#2722=ORIENTED_EDGE('',*,*,#2690,.F.) ;
#2723=ORIENTED_EDGE('',*,*,#2707,.T.) ;
#2724=ORIENTED_EDGE('',*,*,#2563,.T.) ;
#2761=ORIENTED_EDGE('',*,*,#2740,.T.) ;
#2762=ORIENTED_EDGE('',*,*,#2747,.T.) ;
#2763=ORIENTED_EDGE('',*,*,#2754,.T.) ;
#2764=ORIENTED_EDGE('',*,*,#2759,.F.) ;
#2785=ORIENTED_EDGE('',*,*,#2759,.T.) ;
#2786=ORIENTED_EDGE('',*,*,#2778,.T.) ;
#2787=ORIENTED_EDGE('',*,*,#2783,.T.) ;
#2788=ORIENTED_EDGE('',*,*,#2740,.F.) ;
#2816=ORIENTED_EDGE('',*,*,#2778,.F.) ;
#2817=ORIENTED_EDGE('',*,*,#2802,.F.) ;
#2818=ORIENTED_EDGE('',*,*,#2809,.F.) ;
#2819=ORIENTED_EDGE('',*,*,#2814,.T.) ;
#2835=ORIENTED_EDGE('',*,*,#2828,.F.) ;
#2836=ORIENTED_EDGE('',*,*,#2802,.T.) ;
#2837=ORIENTED_EDGE('',*,*,#2754,.F.) ;
#2838=ORIENTED_EDGE('',*,*,#2833,.F.) ;
#2868=ORIENTED_EDGE('',*,*,#2847,.T.) ;
#2869=ORIENTED_EDGE('',*,*,#2809,.T.) ;
#2870=ORIENTED_EDGE('',*,*,#2828,.T.) ;
#2871=ORIENTED_EDGE('',*,*,#2854,.T.) ;
#2872=ORIENTED_EDGE('',*,*,#2861,.F.) ;
#2873=ORIENTED_EDGE('',*,*,#2866,.F.) ;
#2906=ORIENTED_EDGE('',*,*,#2887,.T.) ;
#2907=ORIENTED_EDGE('',*,*,#2894,.T.) ;
#2908=ORIENTED_EDGE('',*,*,#2899,.T.) ;
#2909=ORIENTED_EDGE('',*,*,#2531,.F.) ;
#2910=ORIENTED_EDGE('',*,*,#2904,.F.) ;
#2911=ORIENTED_EDGE('',*,*,#2861,.T.) ;
#2927=ORIENTED_EDGE('',*,*,#2920,.T.) ;
#2928=ORIENTED_EDGE('',*,*,#2925,.F.) ;
#2929=ORIENTED_EDGE('',*,*,#2866,.T.) ;
#2930=ORIENTED_EDGE('',*,*,#2904,.T.) ;
#2931=ORIENTED_EDGE('',*,*,#2536,.F.) ;
#2932=ORIENTED_EDGE('',*,*,#2899,.F.) ;
#2946=ORIENTED_EDGE('',*,*,#2939,.F.) ;
#2947=ORIENTED_EDGE('',*,*,#2920,.F.) ;
#2948=ORIENTED_EDGE('',*,*,#2894,.F.) ;
#2949=ORIENTED_EDGE('',*,*,#2944,.F.) ;
#2950=ORIENTED_EDGE('',*,*,#2747,.F.) ;
#2951=ORIENTED_EDGE('',*,*,#2783,.F.) ;
#2960=ORIENTED_EDGE('',*,*,#2887,.F.) ;
#2961=ORIENTED_EDGE('',*,*,#2854,.F.) ;
#2962=ORIENTED_EDGE('',*,*,#2833,.T.) ;
#2963=ORIENTED_EDGE('',*,*,#2944,.T.) ;
#2967=ORIENTED_EDGE('',*,*,#2814,.F.) ;
#2968=ORIENTED_EDGE('',*,*,#2847,.F.) ;
#2969=ORIENTED_EDGE('',*,*,#2925,.T.) ;
#2970=ORIENTED_EDGE('',*,*,#2939,.T.) ;
#590=FACE_BOUND('',#585,.T.) ;
#596=FACE_BOUND('',#591,.T.) ;
#642=FACE_BOUND('',#637,.T.) ;
#648=FACE_BOUND('',#643,.T.) ;
#898=FACE_BOUND('',#889,.T.) ;
#1286=FACE_BOUND('',#1277,.T.) ;
#1290=FACE_BOUND('',#1287,.T.) ;
#1294=FACE_BOUND('',#1291,.T.) ;
#1512=FACE_BOUND('',#1503,.T.) ;
#1530=FACE_BOUND('',#1527,.T.) ;
#1548=FACE_BOUND('',#1545,.T.) ;
#1662=FACE_BOUND('',#1659,.T.) ;
#1685=FACE_BOUND('',#1682,.T.) ;
#1713=FACE_BOUND('',#1710,.T.) ;
#1736=FACE_BOUND('',#1733,.T.) ;
#1778=FACE_BOUND('',#1775,.T.) ;
#1873=FACE_BOUND('',#1870,.T.) ;
#2020=FACE_BOUND('',#2017,.T.) ;
#2048=FACE_BOUND('',#2045,.T.) ;
#2544=FACE_BOUND('',#2541,.T.) ;
#2567=FACE_BOUND('',#2564,.T.) ;
#51=CLOSED_SHELL('Closed Shell',(#91,#122,#146,#170,#187,#227,#253,#272,#291,#303,#338,#369,#393,#417,#434,#469,#495,#514,#533,#545,#597,#649,#680,#711,#733,#764,#795,#817,#899,#930,#954,#978,#1002,#1026,#1050,#1074,#1091,#1131,#1148,#1188,#1205,#1295,#1326,#1350,#1374,#1398,#1422,#1446,#1470,#1487,#1549,#1580,#1592,#1623,#1635,#1663,#1686,#1714,#1737,#1779,#1801,#1808,#1830,#1837,#1874,#1896,#1903,#1925,#1932)) ;
#1936=CLOSED_SHELL('Closed Shell',(#1976,#1993,#2021,#2049,#2081,#2092,#2123,#2135,#2166,#2178,#2200,#2207,#2247,#2271,#2302,#2321,#2361,#2399,#2420,#2444,#2456,#2463)) ;
#2465=CLOSED_SHELL('Closed Shell',(#2505,#2522,#2545,#2568,#2600,#2611,#2642,#2654,#2685,#2697,#2719,#2726,#2766,#2790,#2821,#2840,#2875,#2913,#2934,#2953,#2965,#2972)) ;
#59=VECTOR('Line Direction',#58,1.) ;
#68=VECTOR('Line Direction',#67,1.) ;
#75=VECTOR('Line Direction',#74,1.) ;
#82=VECTOR('Line Direction',#81,1.) ;
#99=VECTOR('Line Direction',#98,1.) ;
#106=VECTOR('Line Direction',#105,1.) ;
#113=VECTOR('Line Direction',#112,1.) ;
#130=VECTOR('Line Direction',#129,1.) ;
#137=VECTOR('Line Direction',#136,1.) ;
#154=VECTOR('Line Direction',#153,1.) ;
#161=VECTOR('Line Direction',#160,1.) ;
#178=VECTOR('Line Direction',#177,1.) ;
#195=VECTOR('Line Direction',#194,1.) ;
#204=VECTOR('Line Direction',#203,1.) ;
#211=VECTOR('Line Direction',#210,1.) ;
#218=VECTOR('Line Direction',#217,1.) ;
#230=VECTOR('Line Direction',#229,1.) ;
#237=VECTOR('Line Direction',#236,1.) ;
#244=VECTOR('Line Direction',#243,1.) ;
#256=VECTOR('Line Direction',#255,1.) ;
#263=VECTOR('Line Direction',#262,1.) ;
#275=VECTOR('Line Direction',#274,1.) ;
#282=VECTOR('Line Direction',#281,1.) ;
#294=VECTOR('Line Direction',#293,1.) ;
#306=VECTOR('Line Direction',#305,1.) ;
#315=VECTOR('Line Direction',#314,1.) ;
#322=VECTOR('Line Direction',#321,1.) ;
#329=VECTOR('Line Direction',#328,1.) ;
#346=VECTOR('Line Direction',#345,1.) ;
#353=VECTOR('Line Direction',#352,1.) ;
#360=VECTOR('Line Direction',#359,1.) ;
#377=VECTOR('Line Direction',#376,1.) ;
#384=VECTOR('Line Direction',#383,1.) ;
#401=VECTOR('Line Direction',#400,1.) ;
#408=VECTOR('Line Direction',#407,1.) ;
#425=VECTOR('Line Direction',#424,1.) ;
#437=VECTOR('Line Direction',#436,1.) ;
#446=VECTOR('Line Direction',#445,1.) ;
#453=VECTOR('Line Direction',#452,1.) ;
#460=VECTOR('Line Direction',#459,1.) ;
#472=VECTOR('Line Direction',#471,1.) ;
#479=VECTOR('Line Direction',#478,1.) ;
#486=VECTOR('Line Direction',#485,1.) ;
#498=VECTOR('Line Direction',#497,1.) ;
#505=VECTOR('Line Direction',#504,1.) ;
#517=VECTOR('Line Direction',#516,1.) ;
#524=VECTOR('Line Direction',#523,1.) ;
#536=VECTOR('Line Direction',#535,1.) ;
#553=VECTOR('Line Direction',#552,1.) ;
#562=VECTOR('Line Direction',#561,1.) ;
#569=VECTOR('Line Direction',#568,1.) ;
#576=VECTOR('Line Direction',#575,1.) ;
#605=VECTOR('Line Direction',#604,1.) ;
#614=VECTOR('Line Direction',#613,1.) ;
#621=VECTOR('Line Direction',#620,1.) ;
#628=VECTOR('Line Direction',#627,1.) ;
#657=VECTOR('Line Direction',#656,1.) ;
#664=VECTOR('Line Direction',#663,1.) ;
#671=VECTOR('Line Direction',#670,1.) ;
#688=VECTOR('Line Direction',#687,1.) ;
#695=VECTOR('Line Direction',#694,1.) ;
#702=VECTOR('Line Direction',#701,1.) ;
#719=VECTOR('Line Direction',#718,1.) ;
#724=VECTOR('Line Direction',#723,1.) ;
#755=VECTOR('Line Direction',#754,1.) ;
#772=VECTOR('Line Direction',#771,1.) ;
#779=VECTOR('Line Direction',#778,1.) ;
#786=VECTOR('Line Direction',#785,1.) ;
#835=VECTOR('Line Direction',#834,1.) ;
#851=VECTOR('Line Direction',#850,1.) ;
#858=VECTOR('Line Direction',#857,1.) ;
#865=VECTOR('Line Direction',#864,1.) ;
#872=VECTOR('Line Direction',#871,1.) ;
#879=VECTOR('Line Direction',#878,1.) ;
#907=VECTOR('Line Direction',#906,1.) ;
#921=VECTOR('Line Direction',#920,1.) ;
#938=VECTOR('Line Direction',#937,1.) ;
#945=VECTOR('Line Direction',#944,1.) ;
#969=VECTOR('Line Direction',#968,1.) ;
#986=VECTOR('Line Direction',#985,1.) ;
#993=VECTOR('Line Direction',#992,1.) ;
#1010=VECTOR('Line Direction',#1009,1.) ;
#1017=VECTOR('Line Direction',#1016,1.) ;
#1034=VECTOR('Line Direction',#1033,1.) ;
#1041=VECTOR('Line Direction',#1040,1.) ;
#1058=VECTOR('Line Direction',#1057,1.) ;
#1065=VECTOR('Line Direction',#1064,1.) ;
#1082=VECTOR('Line Direction',#1081,1.) ;
#1108=VECTOR('Line Direction',#1107,1.) ;
#1122=VECTOR('Line Direction',#1121,1.) ;
#1165=VECTOR('Line Direction',#1164,1.) ;
#1179=VECTOR('Line Direction',#1178,1.) ;
#1232=VECTOR('Line Direction',#1231,1.) ;
#1260=VECTOR('Line Direction',#1259,1.) ;
#1303=VECTOR('Line Direction',#1302,1.) ;
#1310=VECTOR('Line Direction',#1309,1.) ;
#1341=VECTOR('Line Direction',#1340,1.) ;
#1358=VECTOR('Line Direction',#1357,1.) ;
#1365=VECTOR('Line Direction',#1364,1.) ;
#1382=VECTOR('Line Direction',#1381,1.) ;
#1406=VECTOR('Line Direction',#1405,1.) ;
#1430=VECTOR('Line Direction',#1429,1.) ;
#1437=VECTOR('Line Direction',#1436,1.) ;
#1461=VECTOR('Line Direction',#1460,1.) ;
#1557=VECTOR('Line Direction',#1556,1.) ;
#1571=VECTOR('Line Direction',#1570,1.) ;
#1600=VECTOR('Line Direction',#1599,1.) ;
#1614=VECTOR('Line Direction',#1613,1.) ;
#1787=VECTOR('Line Direction',#1786,1.) ;
#1792=VECTOR('Line Direction',#1791,1.) ;
#1816=VECTOR('Line Direction',#1815,1.) ;
#1821=VECTOR('Line Direction',#1820,1.) ;
#1882=VECTOR('Line Direction',#1881,1.) ;
#1887=VECTOR('Line Direction',#1886,1.) ;
#1911=VECTOR('Line Direction',#1910,1.) ;
#1916=VECTOR('Line Direction',#1915,1.) ;
#1953=VECTOR('Line Direction',#1952,1.) ;
#1967=VECTOR('Line Direction',#1966,1.) ;
#2057=VECTOR('Line Direction',#2056,1.) ;
#2073=VECTOR('Line Direction',#2072,1.) ;
#2100=VECTOR('Line Direction',#2099,1.) ;
#2114=VECTOR('Line Direction',#2113,1.) ;
#2143=VECTOR('Line Direction',#2142,1.) ;
#2157=VECTOR('Line Direction',#2156,1.) ;
#2186=VECTOR('Line Direction',#2185,1.) ;
#2191=VECTOR('Line Direction',#2190,1.) ;
#2215=VECTOR('Line Direction',#2214,1.) ;
#2238=VECTOR('Line Direction',#2237,1.) ;
#2279=VECTOR('Line Direction',#2278,1.) ;
#2293=VECTOR('Line Direction',#2292,1.) ;
#2305=VECTOR('Line Direction',#2304,1.) ;
#2345=VECTOR('Line Direction',#2344,1.) ;
#2350=VECTOR('Line Direction',#2349,1.) ;
#2369=VECTOR('Line Direction',#2368,1.) ;
#2374=VECTOR('Line Direction',#2373,1.) ;
#2388=VECTOR('Line Direction',#2387,1.) ;
#2402=VECTOR('Line Direction',#2401,1.) ;
#2428=VECTOR('Line Direction',#2427,1.) ;
#2433=VECTOR('Line Direction',#2432,1.) ;
#2473=VECTOR('Line Direction',#2472,1.) ;
#2489=VECTOR('Line Direction',#2488,1.) ;
#2576=VECTOR('Line Direction',#2575,1.) ;
#2592=VECTOR('Line Direction',#2591,1.) ;
#2619=VECTOR('Line Direction',#2618,1.) ;
#2633=VECTOR('Line Direction',#2632,1.) ;
#2662=VECTOR('Line Direction',#2661,1.) ;
#2676=VECTOR('Line Direction',#2675,1.) ;
#2705=VECTOR('Line Direction',#2704,1.) ;
#2710=VECTOR('Line Direction',#2709,1.) ;
#2734=VECTOR('Line Direction',#2733,1.) ;
#2757=VECTOR('Line Direction',#2756,1.) ;
#2798=VECTOR('Line Direction',#2797,1.) ;
#2812=VECTOR('Line Direction',#2811,1.) ;
#2831=VECTOR('Line Direction',#2830,1.) ;
#2843=VECTOR('Line Direction',#2842,1.) ;
#2850=VECTOR('Line Direction',#2849,1.) ;
#2883=VECTOR('Line Direction',#2882,1.) ;
#2897=VECTOR('Line Direction',#2896,1.) ;
#2902=VECTOR('Line Direction',#2901,1.) ;
#2923=VECTOR('Line Direction',#2922,1.) ;
#2937=VECTOR('Line Direction',#2936,1.) ;
#2942=VECTOR('Line Direction',#2941,1.) ;
#1934=ADVANCED_BREP_SHAPE_REPRESENTATION('NONE',(#1933,#2464,#2973),#46) ;
#49=SHAPE_REPRESENTATION(' ',(#48),#46) ;
#91=ADVANCED_FACE('XT90-F_housing',(#90),#56,.T.) ;
#122=ADVANCED_FACE('XT90-F_housing',(#121),#96,.T.) ;
#146=ADVANCED_FACE('XT90-F_housing',(#145),#127,.F.) ;
#170=ADVANCED_FACE('XT90-F_housing',(#169),#151,.T.) ;
#187=ADVANCED_FACE('XT90-F_housing',(#186),#175,.F.) ;
#227=ADVANCED_FACE('XT90-F_housing',(#226),#192,.F.) ;
#253=ADVANCED_FACE('XT90-F_housing',(#252),#96,.T.) ;
#272=ADVANCED_FACE('XT90-F_housing',(#271),#127,.F.) ;
#291=ADVANCED_FACE('XT90-F_housing',(#290),#151,.T.) ;
#303=ADVANCED_FACE('XT90-F_housing',(#302),#175,.F.) ;
#338=ADVANCED_FACE('XT90-F_housing',(#337),#56,.T.) ;
#369=ADVANCED_FACE('XT90-F_housing',(#368),#343,.T.) ;
#393=ADVANCED_FACE('XT90-F_housing',(#392),#374,.F.) ;
#417=ADVANCED_FACE('XT90-F_housing',(#416),#398,.T.) ;
#434=ADVANCED_FACE('XT90-F_housing',(#433),#422,.F.) ;
#469=ADVANCED_FACE('XT90-F_housing',(#468),#192,.F.) ;
#495=ADVANCED_FACE('XT90-F_housing',(#494),#343,.T.) ;
#514=ADVANCED_FACE('XT90-F_housing',(#513),#374,.F.) ;
#533=ADVANCED_FACE('XT90-F_housing',(#532),#398,.T.) ;
#545=ADVANCED_FACE('XT90-F_housing',(#544),#422,.F.) ;
#597=ADVANCED_FACE('XT90-F_housing',(#584,#590,#596),#550,.F.) ;
#649=ADVANCED_FACE('XT90-F_housing',(#636,#642,#648),#602,.F.) ;
#680=ADVANCED_FACE('XT90-F_housing',(#679),#654,.T.) ;
#711=ADVANCED_FACE('XT90-F_housing',(#710),#685,.T.) ;
#733=ADVANCED_FACE('XT90-F_housing',(#732),#716,.T.) ;
#764=ADVANCED_FACE('XT90-F_housing',(#763),#738,.T.) ;
#795=ADVANCED_FACE('XT90-F_housing',(#794),#769,.T.) ;
#817=ADVANCED_FACE('XT90-F_housing',(#816),#800,.T.) ;
#899=ADVANCED_FACE('XT90-F_housing',(#832,#898),#822,.T.) ;
#930=ADVANCED_FACE('XT90-F_housing',(#929),#904,.T.) ;
#954=ADVANCED_FACE('XT90-F_housing',(#953),#935,.T.) ;
#978=ADVANCED_FACE('XT90-F_housing',(#977),#959,.T.) ;
#1002=ADVANCED_FACE('XT90-F_housing',(#1001),#983,.T.) ;
#1026=ADVANCED_FACE('XT90-F_housing',(#1025),#1007,.F.) ;
#1050=ADVANCED_FACE('XT90-F_housing',(#1049),#1031,.F.) ;
#1074=ADVANCED_FACE('XT90-F_housing',(#1073),#1055,.F.) ;
#1091=ADVANCED_FACE('XT90-F_housing',(#1090),#1079,.T.) ;
#1131=ADVANCED_FACE('XT90-F_housing',(#1130),#1096,.F.) ;
#1148=ADVANCED_FACE('XT90-F_housing',(#1147),#1096,.F.) ;
#1188=ADVANCED_FACE('XT90-F_housing',(#1187),#1153,.F.) ;
#1205=ADVANCED_FACE('XT90-F_housing',(#1204),#1153,.F.) ;
#1295=ADVANCED_FACE('XT90-F_housing',(#1220,#1286,#1290,#1294),#1210,.T.) ;
#1326=ADVANCED_FACE('XT90-F_housing',(#1325),#1300,.F.) ;
#1350=ADVANCED_FACE('XT90-F_housing',(#1349),#1331,.T.) ;
#1374=ADVANCED_FACE('XT90-F_housing',(#1373),#1355,.F.) ;
#1398=ADVANCED_FACE('XT90-F_housing',(#1397),#1379,.F.) ;
#1422=ADVANCED_FACE('XT90-F_housing',(#1421),#1403,.F.) ;
#1446=ADVANCED_FACE('XT90-F_housing',(#1445),#1427,.T.) ;
#1470=ADVANCED_FACE('XT90-F_housing',(#1469),#1451,.T.) ;
#1487=ADVANCED_FACE('XT90-F_housing',(#1486),#1475,.F.) ;
#1549=ADVANCED_FACE('XT90-F_housing',(#1502,#1512,#1530,#1548),#1492,.F.) ;
#1580=ADVANCED_FACE('XT90-F_housing',(#1579),#1554,.F.) ;
#1592=ADVANCED_FACE('XT90-F_housing',(#1591),#1554,.F.) ;
#1623=ADVANCED_FACE('XT90-F_housing',(#1622),#1597,.F.) ;
#1635=ADVANCED_FACE('XT90-F_housing',(#1634),#1597,.F.) ;
#1663=ADVANCED_FACE('XT90-F_housing',(#1644,#1662),#1640,.T.) ;
#1686=ADVANCED_FACE('XT90-F_housing',(#1667,#1685),#1640,.T.) ;
#1714=ADVANCED_FACE('XT90-F_housing',(#1695,#1713),#1691,.T.) ;
#1737=ADVANCED_FACE('XT90-F_housing',(#1718,#1736),#1691,.T.) ;
#1779=ADVANCED_FACE('XT90-F_housing',(#1760,#1778),#1742,.T.) ;
#1801=ADVANCED_FACE('XT90-F_housing',(#1800),#1784,.F.) ;
#1808=ADVANCED_FACE('XT90-F_housing',(#1807),#1784,.F.) ;
#1830=ADVANCED_FACE('XT90-F_housing',(#1829),#1813,.F.) ;
#1837=ADVANCED_FACE('XT90-F_housing',(#1836),#1813,.F.) ;
#1874=ADVANCED_FACE('XT90-F_housing',(#1855,#1873),#1742,.T.) ;
#1896=ADVANCED_FACE('XT90-F_housing',(#1895),#1879,.F.) ;
#1903=ADVANCED_FACE('XT90-F_housing',(#1902),#1879,.F.) ;
#1925=ADVANCED_FACE('XT90-F_housing',(#1924),#1908,.F.) ;
#1932=ADVANCED_FACE('XT90-F_housing',(#1931),#1908,.F.) ;
#1976=ADVANCED_FACE('XT90E-F_contacts',(#1975),#1941,.T.) ;
#1993=ADVANCED_FACE('XT90E-F_contacts',(#1992),#1941,.T.) ;
#2021=ADVANCED_FACE('XT90E-F_contacts',(#2016,#2020),#1998,.F.) ;
#2049=ADVANCED_FACE('XT90E-F_contacts',(#2030,#2048),#2026,.F.) ;
#2081=ADVANCED_FACE('XT90E-F_contacts',(#2080),#2054,.F.) ;
#2092=ADVANCED_FACE('XT90E-F_contacts',(#2091),#2054,.F.) ;
#2123=ADVANCED_FACE('XT90E-F_contacts',(#2122),#2097,.F.) ;
#2135=ADVANCED_FACE('XT90E-F_contacts',(#2134),#2097,.F.) ;
#2166=ADVANCED_FACE('XT90E-F_contacts',(#2165),#2140,.F.) ;
#2178=ADVANCED_FACE('XT90E-F_contacts',(#2177),#2140,.F.) ;
#2200=ADVANCED_FACE('XT90E-F_contacts',(#2199),#2183,.F.) ;
#2207=ADVANCED_FACE('XT90E-F_contacts',(#2206),#2183,.F.) ;
#2247=ADVANCED_FACE('XT90E-F_contacts',(#2246),#2212,.F.) ;
#2271=ADVANCED_FACE('XT90E-F_contacts',(#2270),#2252,.F.) ;
#2302=ADVANCED_FACE('XT90E-F_contacts',(#2301),#2276,.F.) ;
#2321=ADVANCED_FACE('XT90E-F_contacts',(#2320),#2276,.F.) ;
#2361=ADVANCED_FACE('XT90E-F_contacts',(#2360),#2326,.T.) ;
#2399=ADVANCED_FACE('XT90E-F_contacts',(#2398),#2366,.T.) ;
#2420=ADVANCED_FACE('XT90E-F_contacts',(#2419),#2366,.T.) ;
#2444=ADVANCED_FACE('XT90E-F_contacts',(#2443),#2425,.T.) ;
#2456=ADVANCED_FACE('XT90E-F_contacts',(#2455),#2449,.T.) ;
#2463=ADVANCED_FACE('XT90E-F_contacts',(#2462),#2449,.T.) ;
#2505=ADVANCED_FACE('XT90E-F_contacts',(#2504),#2470,.T.) ;
#2522=ADVANCED_FACE('XT90E-F_contacts',(#2521),#2470,.T.) ;
#2545=ADVANCED_FACE('XT90E-F_contacts',(#2540,#2544),#1998,.F.) ;
#2568=ADVANCED_FACE('XT90E-F_contacts',(#2549,#2567),#2026,.F.) ;
#2600=ADVANCED_FACE('XT90E-F_contacts',(#2599),#2573,.F.) ;
#2611=ADVANCED_FACE('XT90E-F_contacts',(#2610),#2573,.F.) ;
#2642=ADVANCED_FACE('XT90E-F_contacts',(#2641),#2616,.F.) ;
#2654=ADVANCED_FACE('XT90E-F_contacts',(#2653),#2616,.F.) ;
#2685=ADVANCED_FACE('XT90E-F_contacts',(#2684),#2659,.F.) ;
#2697=ADVANCED_FACE('XT90E-F_contacts',(#2696),#2659,.F.) ;
#2719=ADVANCED_FACE('XT90E-F_contacts',(#2718),#2702,.F.) ;
#2726=ADVANCED_FACE('XT90E-F_contacts',(#2725),#2702,.F.) ;
#2766=ADVANCED_FACE('XT90E-F_contacts',(#2765),#2731,.F.) ;
#2790=ADVANCED_FACE('XT90E-F_contacts',(#2789),#2771,.F.) ;
#2821=ADVANCED_FACE('XT90E-F_contacts',(#2820),#2795,.F.) ;
#2840=ADVANCED_FACE('XT90E-F_contacts',(#2839),#2795,.F.) ;
#2875=ADVANCED_FACE('XT90E-F_contacts',(#2874),#2326,.T.) ;
#2913=ADVANCED_FACE('XT90E-F_contacts',(#2912),#2880,.T.) ;
#2934=ADVANCED_FACE('XT90E-F_contacts',(#2933),#2880,.T.) ;
#2953=ADVANCED_FACE('XT90E-F_contacts',(#2952),#2425,.T.) ;
#2965=ADVANCED_FACE('XT90E-F_contacts',(#2964),#2958,.F.) ;
#2972=ADVANCED_FACE('XT90E-F_contacts',(#2971),#2958,.F.) ;
#4=APPLICATION_PROTOCOL_DEFINITION('international standard','config_control_design',1994,#1) ;
#32=APPROVAL_DATE_TIME(#13,#21) ;
#1933=MANIFOLD_SOLID_BREP('XT90-F_housing',#51) ;
#2464=MANIFOLD_SOLID_BREP('XT90E-F_contacts.1',#1936) ;
#2973=MANIFOLD_SOLID_BREP('XT90E-F_contacts.2',#2465) ;
#11=CALENDAR_DATE(2025,4,5) ;
#30=CC_DESIGN_APPROVAL(#21,(#16,#6,#14)) ;
#18=CC_DESIGN_DATE_AND_TIME_ASSIGNMENT(#13,#17,(#16)) ;
#29=CC_DESIGN_DATE_AND_TIME_ASSIGNMENT(#13,#28,(#14)) ;
#17=DATE_TIME_ROLE('classification_date') ;
#28=DATE_TIME_ROLE('creation_date') ;
#27=CC_DESIGN_PERSON_AND_ORGANIZATION_ASSIGNMENT(#25,#26,(#16)) ;
#33=CC_DESIGN_PERSON_AND_ORGANIZATION_ASSIGNMENT(#25,#34,(#6)) ;
#35=CC_DESIGN_PERSON_AND_ORGANIZATION_ASSIGNMENT(#25,#36,(#6,#14)) ;
#37=CC_DESIGN_PERSON_AND_ORGANIZATION_ASSIGNMENT(#25,#38,(#5)) ;
#26=PERSON_AND_ORGANIZATION_ROLE('classification_officer') ;
#34=PERSON_AND_ORGANIZATION_ROLE('design_supplier') ;
#36=PERSON_AND_ORGANIZATION_ROLE('creator') ;
#38=PERSON_AND_ORGANIZATION_ROLE('design_owner') ;
#39=CC_DESIGN_SECURITY_CLASSIFICATION(#16,(#6)) ;
#742=CIRCLE('generated circle',#741,1.) ;
#749=CIRCLE('generated circle',#748,1.) ;
#804=CIRCLE('generated circle',#803,1.) ;
#809=CIRCLE('generated circle',#808,1.) ;
#845=CIRCLE('generated circle',#844,1.) ;
#887=CIRCLE('generated circle',#886,1.) ;
#915=CIRCLE('generated circle',#914,1.) ;
#963=CIRCLE('generated circle',#962,1.) ;
#1100=CIRCLE('generated circle',#1099,3.5) ;
#1116=CIRCLE('generated circle',#1115,3.5) ;
#1135=CIRCLE('generated circle',#1134,3.5) ;
#1140=CIRCLE('generated circle',#1139,3.5) ;
#1157=CIRCLE('generated circle',#1156,3.55) ;
#1173=CIRCLE('generated circle',#1172,3.55) ;
#1192=CIRCLE('generated circle',#1191,3.55) ;
#1197=CIRCLE('generated circle',#1196,3.55) ;
#1224=CIRCLE('generated circle',#1223,0.2) ;
#1240=CIRCLE('generated circle',#1239,0.2) ;
#1247=CIRCLE('generated circle',#1246,5.25) ;
#1254=CIRCLE('generated circle',#1253,0.2) ;
#1268=CIRCLE('generated circle',#1267,0.2) ;
#1275=CIRCLE('generated circle',#1274,5.25) ;
#1318=CIRCLE('generated circle',#1317,0.2) ;
#1335=CIRCLE('generated circle',#1334,5.25) ;
#1390=CIRCLE('generated circle',#1389,0.2) ;
#1414=CIRCLE('generated circle',#1413,0.2) ;
#1455=CIRCLE('generated circle',#1454,5.25) ;
#1479=CIRCLE('generated circle',#1478,0.2) ;
#1516=CIRCLE('generated circle',#1515,4.25) ;
#1525=CIRCLE('generated circle',#1524,4.25) ;
#1534=CIRCLE('generated circle',#1533,4.25) ;
#1543=CIRCLE('generated circle',#1542,4.25) ;
#1565=CIRCLE('generated circle',#1564,4.25) ;
#1584=CIRCLE('generated circle',#1583,4.25) ;
#1608=CIRCLE('generated circle',#1607,4.25) ;
#1627=CIRCLE('generated circle',#1626,4.25) ;
#1648=CIRCLE('generated circle',#1647,2.85) ;
#1657=CIRCLE('generated circle',#1656,2.85) ;
#1671=CIRCLE('generated circle',#1670,2.85) ;
#1680=CIRCLE('generated circle',#1679,2.85) ;
#1699=CIRCLE('generated circle',#1698,2.75) ;
#1708=CIRCLE('generated circle',#1707,2.75) ;
#1722=CIRCLE('generated circle',#1721,2.75) ;
#1731=CIRCLE('generated circle',#1730,2.75) ;
#1746=CIRCLE('generated circle',#1745,2.85) ;
#1755=CIRCLE('generated circle',#1754,2.85) ;
#1764=CIRCLE('generated circle',#1763,2.75) ;
#1773=CIRCLE('generated circle',#1772,2.75) ;
#1841=CIRCLE('generated circle',#1840,2.85) ;
#1850=CIRCLE('generated circle',#1849,2.85) ;
#1859=CIRCLE('generated circle',#1858,2.75) ;
#1868=CIRCLE('generated circle',#1867,2.75) ;
#1945=CIRCLE('generated circle',#1944,2.75) ;
#1961=CIRCLE('generated circle',#1960,2.75) ;
#1980=CIRCLE('generated circle',#1979,2.75) ;
#1985=CIRCLE('generated circle',#1984,2.75) ;
#2002=CIRCLE('generated circle',#2001,2.85) ;
#2011=CIRCLE('generated circle',#2010,2.85) ;
#2034=CIRCLE('generated circle',#2033,2.25) ;
#2043=CIRCLE('generated circle',#2042,2.25) ;
#2067=CIRCLE('generated circle',#2066,1.75) ;
#2085=CIRCLE('generated circle',#2084,1.75) ;
#2108=CIRCLE('generated circle',#2107,1.75) ;
#2127=CIRCLE('generated circle',#2126,1.75) ;
#2151=CIRCLE('generated circle',#2150,2.25) ;
#2170=CIRCLE('generated circle',#2169,2.25) ;
#2225=CIRCLE('generated circle',#2224,2.1) ;
#2232=CIRCLE('generated circle',#2231,2.1) ;
#2256=CIRCLE('generated circle',#2255,2.1) ;
#2263=CIRCLE('generated circle',#2262,2.1) ;
#2287=CIRCLE('generated circle',#2286,2.1) ;
#2313=CIRCLE('generated circle',#2312,2.1) ;
#2330=CIRCLE('generated circle',#2329,2.85) ;
#2339=CIRCLE('generated circle',#2338,2.85) ;
#2382=CIRCLE('generated circle',#2381,2.85) ;
#2410=CIRCLE('generated circle',#2409,2.85) ;
#2483=CIRCLE('generated circle',#2482,2.75) ;
#2497=CIRCLE('generated circle',#2496,2.75) ;
#2509=CIRCLE('generated circle',#2508,2.75) ;
#2514=CIRCLE('generated circle',#2513,2.75) ;
#2526=CIRCLE('generated circle',#2525,2.85) ;
#2535=CIRCLE('generated circle',#2534,2.85) ;
#2553=CIRCLE('generated circle',#2552,2.25) ;
#2562=CIRCLE('generated circle',#2561,2.25) ;
#2586=CIRCLE('generated circle',#2585,1.75) ;
#2604=CIRCLE('generated circle',#2603,1.75) ;
#2627=CIRCLE('generated circle',#2626,1.75) ;
#2646=CIRCLE('generated circle',#2645,1.75) ;
#2670=CIRCLE('generated circle',#2669,2.25) ;
#2689=CIRCLE('generated circle',#2688,2.25) ;
#2744=CIRCLE('generated circle',#2743,2.1) ;
#2751=CIRCLE('generated circle',#2750,2.1) ;
#2775=CIRCLE('generated circle',#2774,2.1) ;
#2782=CIRCLE('generated circle',#2781,2.1) ;
#2806=CIRCLE('generated circle',#2805,2.1) ;
#2825=CIRCLE('generated circle',#2824,2.1) ;
#2858=CIRCLE('generated circle',#2857,2.85) ;
#2865=CIRCLE('generated circle',#2864,2.85) ;
#2891=CIRCLE('generated circle',#2890,2.85) ;
#2917=CIRCLE('generated circle',#2916,2.85) ;
#2054=CONICAL_SURFACE('Cone',#2053,0.,1.02974425868) ;
#2140=CONICAL_SURFACE('Cone',#2139,1.75,1.02974425868) ;
#2212=CONICAL_SURFACE('Cone',#2211,0.,1.02974425868) ;
#2252=CONICAL_SURFACE('Cone',#2251,0.,1.02974425868) ;
#2573=CONICAL_SURFACE('Cone',#2572,0.,1.02974425868) ;
#2659=CONICAL_SURFACE('Cone',#2658,1.75,1.02974425868) ;
#2731=CONICAL_SURFACE('Cone',#2730,0.,1.02974425868) ;
#2771=CONICAL_SURFACE('Cone',#2770,0.,1.02974425868) ;
#1935=SHAPE_REPRESENTATION_RELATIONSHIP(' ',' ',#49,#1934) ;
#738=CYLINDRICAL_SURFACE('generated cylinder',#737,1.) ;
#800=CYLINDRICAL_SURFACE('generated cylinder',#799,1.) ;
#904=CYLINDRICAL_SURFACE('generated cylinder',#903,1.) ;
#959=CYLINDRICAL_SURFACE('generated cylinder',#958,1.) ;
#1096=CYLINDRICAL_SURFACE('generated cylinder',#1095,3.5) ;
#1153=CYLINDRICAL_SURFACE('generated cylinder',#1152,3.55) ;
#1300=CYLINDRICAL_SURFACE('generated cylinder',#1299,0.2) ;
#1331=CYLINDRICAL_SURFACE('generated cylinder',#1330,5.25) ;
#1379=CYLINDRICAL_SURFACE('generated cylinder',#1378,0.2) ;
#1403=CYLINDRICAL_SURFACE('generated cylinder',#1402,0.2) ;
#1451=CYLINDRICAL_SURFACE('generated cylinder',#1450,5.25) ;
#1475=CYLINDRICAL_SURFACE('generated cylinder',#1474,0.2) ;
#1554=CYLINDRICAL_SURFACE('generated cylinder',#1553,4.25) ;
#1597=CYLINDRICAL_SURFACE('generated cylinder',#1596,4.25) ;
#1784=CYLINDRICAL_SURFACE('generated cylinder',#1783,2.85) ;
#1813=CYLINDRICAL_SURFACE('generated cylinder',#1812,2.75) ;
#1879=CYLINDRICAL_SURFACE('generated cylinder',#1878,2.85) ;
#1908=CYLINDRICAL_SURFACE('generated cylinder',#1907,2.75) ;
#1941=CYLINDRICAL_SURFACE('generated cylinder',#1940,2.75) ;
#2097=CYLINDRICAL_SURFACE('generated cylinder',#2096,1.75) ;
#2183=CYLINDRICAL_SURFACE('generated cylinder',#2182,2.25) ;
#2276=CYLINDRICAL_SURFACE('generated cylinder',#2275,2.1) ;
#2366=CYLINDRICAL_SURFACE('generated cylinder',#2365,2.85) ;
#2470=CYLINDRICAL_SURFACE('generated cylinder',#2469,2.75) ;
#2616=CYLINDRICAL_SURFACE('generated cylinder',#2615,1.75) ;
#2702=CYLINDRICAL_SURFACE('generated cylinder',#2701,2.25) ;
#2795=CYLINDRICAL_SURFACE('generated cylinder',#2794,2.1) ;
#2880=CYLINDRICAL_SURFACE('generated cylinder',#2879,2.85) ;
#3=DESIGN_CONTEXT(' ',#1,'design') ;
#65=EDGE_CURVE('',#62,#64,#60,.T.) ;
#72=EDGE_CURVE('',#64,#71,#69,.F.) ;
#79=EDGE_CURVE('',#71,#78,#76,.T.) ;
#84=EDGE_CURVE('',#78,#62,#83,.F.) ;
#103=EDGE_CURVE('',#102,#64,#100,.T.) ;
#110=EDGE_CURVE('',#109,#62,#107,.T.) ;
#115=EDGE_CURVE('',#109,#102,#114,.T.) ;
#134=EDGE_CURVE('',#133,#102,#131,.T.) ;
#139=EDGE_CURVE('',#133,#71,#138,.T.) ;
#158=EDGE_CURVE('',#157,#78,#155,.T.) ;
#163=EDGE_CURVE('',#133,#157,#162,.T.) ;
#180=EDGE_CURVE('',#109,#157,#179,.T.) ;
#201=EDGE_CURVE('',#198,#200,#196,.F.) ;
#208=EDGE_CURVE('',#207,#198,#205,.T.) ;
#215=EDGE_CURVE('',#214,#207,#212,.F.) ;
#220=EDGE_CURVE('',#200,#214,#219,.T.) ;
#234=EDGE_CURVE('',#200,#233,#231,.T.) ;
#241=EDGE_CURVE('',#214,#240,#238,.T.) ;
#246=EDGE_CURVE('',#233,#240,#245,.T.) ;
#260=EDGE_CURVE('',#259,#240,#257,.T.) ;
#265=EDGE_CURVE('',#207,#259,#264,.T.) ;
#279=EDGE_CURVE('',#198,#278,#276,.T.) ;
#284=EDGE_CURVE('',#259,#278,#283,.T.) ;
#296=EDGE_CURVE('',#233,#278,#295,.T.) ;
#312=EDGE_CURVE('',#309,#311,#307,.T.) ;
#319=EDGE_CURVE('',#311,#318,#316,.F.) ;
#326=EDGE_CURVE('',#318,#325,#323,.T.) ;
#331=EDGE_CURVE('',#325,#309,#330,.F.) ;
#350=EDGE_CURVE('',#349,#311,#347,.T.) ;
#357=EDGE_CURVE('',#356,#309,#354,.T.) ;
#362=EDGE_CURVE('',#356,#349,#361,.T.) ;
#381=EDGE_CURVE('',#380,#349,#378,.T.) ;
#386=EDGE_CURVE('',#380,#318,#385,.T.) ;
#405=EDGE_CURVE('',#404,#325,#402,.T.) ;
#410=EDGE_CURVE('',#380,#404,#409,.T.) ;
#427=EDGE_CURVE('',#356,#404,#426,.T.) ;
#443=EDGE_CURVE('',#440,#442,#438,.F.) ;
#450=EDGE_CURVE('',#449,#440,#447,.T.) ;
#457=EDGE_CURVE('',#456,#449,#454,.F.) ;
#462=EDGE_CURVE('',#442,#456,#461,.T.) ;
#476=EDGE_CURVE('',#442,#475,#473,.T.) ;
#483=EDGE_CURVE('',#456,#482,#480,.T.) ;
#488=EDGE_CURVE('',#475,#482,#487,.T.) ;
#502=EDGE_CURVE('',#501,#482,#499,.T.) ;
#507=EDGE_CURVE('',#449,#501,#506,.T.) ;
#521=EDGE_CURVE('',#440,#520,#518,.T.) ;
#526=EDGE_CURVE('',#501,#520,#525,.T.) ;
#538=EDGE_CURVE('',#475,#520,#537,.T.) ;
#559=EDGE_CURVE('',#556,#558,#554,.T.) ;
#566=EDGE_CURVE('',#565,#558,#563,.F.) ;
#573=EDGE_CURVE('',#572,#565,#570,.T.) ;
#578=EDGE_CURVE('',#572,#556,#577,.F.) ;
#611=EDGE_CURVE('',#608,#610,#606,.T.) ;
#618=EDGE_CURVE('',#608,#617,#615,.F.) ;
#625=EDGE_CURVE('',#617,#624,#622,.T.) ;
#630=EDGE_CURVE('',#610,#624,#629,.F.) ;
#661=EDGE_CURVE('',#617,#660,#658,.T.) ;
#668=EDGE_CURVE('',#660,#667,#665,.T.) ;
#673=EDGE_CURVE('',#624,#667,#672,.T.) ;
#692=EDGE_CURVE('',#660,#691,#689,.T.) ;
#699=EDGE_CURVE('',#691,#698,#696,.T.) ;
#704=EDGE_CURVE('',#667,#698,#703,.T.) ;
#721=EDGE_CURVE('',#691,#572,#720,.T.) ;
#726=EDGE_CURVE('',#698,#565,#725,.T.) ;
#745=EDGE_CURVE('',#744,#558,#742,.F.) ;
#752=EDGE_CURVE('',#556,#751,#749,.T.) ;
#757=EDGE_CURVE('',#751,#744,#756,.T.) ;
#776=EDGE_CURVE('',#744,#775,#773,.T.) ;
#783=EDGE_CURVE('',#751,#782,#780,.T.) ;
#788=EDGE_CURVE('',#782,#775,#787,.T.) ;
#805=EDGE_CURVE('',#610,#775,#804,.F.) ;
#810=EDGE_CURVE('',#782,#608,#809,.T.) ;
#841=EDGE_CURVE('',#838,#840,#836,.T.) ;
#848=EDGE_CURVE('',#847,#838,#845,.T.) ;
#855=EDGE_CURVE('',#854,#847,#852,.T.) ;
#862=EDGE_CURVE('',#854,#861,#859,.T.) ;
#869=EDGE_CURVE('',#861,#868,#866,.T.) ;
#876=EDGE_CURVE('',#868,#875,#873,.T.) ;
#883=EDGE_CURVE('',#882,#875,#880,.T.) ;
#888=EDGE_CURVE('',#840,#882,#887,.T.) ;
#911=EDGE_CURVE('',#882,#910,#908,.T.) ;
#918=EDGE_CURVE('',#910,#917,#915,.F.) ;
#923=EDGE_CURVE('',#840,#917,#922,.T.) ;
#942=EDGE_CURVE('',#941,#917,#939,.T.) ;
#947=EDGE_CURVE('',#838,#941,#946,.T.) ;
#966=EDGE_CURVE('',#941,#965,#963,.F.) ;
#971=EDGE_CURVE('',#847,#965,#970,.T.) ;
#990=EDGE_CURVE('',#989,#965,#987,.T.) ;
#995=EDGE_CURVE('',#854,#989,#994,.T.) ;
#1014=EDGE_CURVE('',#1013,#989,#1011,.F.) ;
#1019=EDGE_CURVE('',#861,#1013,#1018,.T.) ;
#1038=EDGE_CURVE('',#1037,#1013,#1035,.F.) ;
#1043=EDGE_CURVE('',#868,#1037,#1042,.T.) ;
#1062=EDGE_CURVE('',#1061,#1037,#1059,.F.) ;
#1067=EDGE_CURVE('',#875,#1061,#1066,.T.) ;
#1084=EDGE_CURVE('',#910,#1061,#1083,.T.) ;
#1105=EDGE_CURVE('',#1102,#1104,#1100,.T.) ;
#1112=EDGE_CURVE('',#1111,#1104,#1109,.T.) ;
#1119=EDGE_CURVE('',#1118,#1111,#1116,.T.) ;
#1124=EDGE_CURVE('',#1118,#1102,#1123,.T.) ;
#1136=EDGE_CURVE('',#1104,#1102,#1135,.T.) ;
#1141=EDGE_CURVE('',#1111,#1118,#1140,.T.) ;
#1162=EDGE_CURVE('',#1159,#1161,#1157,.T.) ;
#1169=EDGE_CURVE('',#1168,#1161,#1166,.T.) ;
#1176=EDGE_CURVE('',#1175,#1168,#1173,.T.) ;
#1181=EDGE_CURVE('',#1175,#1159,#1180,.T.) ;
#1193=EDGE_CURVE('',#1161,#1159,#1192,.T.) ;
#1198=EDGE_CURVE('',#1168,#1175,#1197,.T.) ;
#1229=EDGE_CURVE('',#1226,#1228,#1224,.T.) ;
#1236=EDGE_CURVE('',#1235,#1226,#1233,.T.) ;
#1243=EDGE_CURVE('',#1242,#1235,#1240,.T.) ;
#1250=EDGE_CURVE('',#1242,#1249,#1247,.T.) ;
#1257=EDGE_CURVE('',#1256,#1249,#1254,.T.) ;
#1264=EDGE_CURVE('',#1256,#1263,#1261,.T.) ;
#1271=EDGE_CURVE('',#1270,#1263,#1268,.T.) ;
#1276=EDGE_CURVE('',#1270,#1228,#1275,.T.) ;
#1307=EDGE_CURVE('',#1306,#1226,#1304,.T.) ;
#1314=EDGE_CURVE('',#1313,#1228,#1311,.T.) ;
#1319=EDGE_CURVE('',#1306,#1313,#1318,.T.) ;
#1338=EDGE_CURVE('',#1337,#1313,#1335,.T.) ;
#1343=EDGE_CURVE('',#1337,#1270,#1342,.T.) ;
#1362=EDGE_CURVE('',#1361,#1235,#1359,.T.) ;
#1367=EDGE_CURVE('',#1361,#1306,#1366,.T.) ;
#1386=EDGE_CURVE('',#1385,#1263,#1383,.F.) ;
#1391=EDGE_CURVE('',#1337,#1385,#1390,.F.) ;
#1410=EDGE_CURVE('',#1409,#1242,#1407,.T.) ;
#1415=EDGE_CURVE('',#1409,#1361,#1414,.T.) ;
#1434=EDGE_CURVE('',#1433,#1385,#1431,.T.) ;
#1439=EDGE_CURVE('',#1433,#1256,#1438,.F.) ;
#1458=EDGE_CURVE('',#1409,#1457,#1455,.T.) ;
#1463=EDGE_CURVE('',#1457,#1249,#1462,.T.) ;
#1480=EDGE_CURVE('',#1433,#1457,#1479,.F.) ;
#1521=EDGE_CURVE('',#1518,#1520,#1516,.T.) ;
#1526=EDGE_CURVE('',#1520,#1518,#1525,.T.) ;
#1539=EDGE_CURVE('',#1536,#1538,#1534,.T.) ;
#1544=EDGE_CURVE('',#1538,#1536,#1543,.T.) ;
#1561=EDGE_CURVE('',#1560,#1538,#1558,.F.) ;
#1568=EDGE_CURVE('',#1560,#1567,#1565,.T.) ;
#1573=EDGE_CURVE('',#1567,#1536,#1572,.F.) ;
#1585=EDGE_CURVE('',#1567,#1560,#1584,.T.) ;
#1604=EDGE_CURVE('',#1603,#1520,#1601,.T.) ;
#1611=EDGE_CURVE('',#1610,#1603,#1608,.T.) ;
#1616=EDGE_CURVE('',#1610,#1518,#1615,.T.) ;
#1628=EDGE_CURVE('',#1603,#1610,#1627,.T.) ;
#1653=EDGE_CURVE('',#1650,#1652,#1648,.T.) ;
#1658=EDGE_CURVE('',#1652,#1650,#1657,.T.) ;
#1676=EDGE_CURVE('',#1673,#1675,#1671,.T.) ;
#1681=EDGE_CURVE('',#1675,#1673,#1680,.T.) ;
#1704=EDGE_CURVE('',#1701,#1703,#1699,.T.) ;
#1709=EDGE_CURVE('',#1703,#1701,#1708,.T.) ;
#1727=EDGE_CURVE('',#1724,#1726,#1722,.T.) ;
#1732=EDGE_CURVE('',#1726,#1724,#1731,.T.) ;
#1751=EDGE_CURVE('',#1748,#1750,#1746,.F.) ;
#1756=EDGE_CURVE('',#1750,#1748,#1755,.F.) ;
#1769=EDGE_CURVE('',#1766,#1768,#1764,.F.) ;
#1774=EDGE_CURVE('',#1768,#1766,#1773,.F.) ;
#1789=EDGE_CURVE('',#1652,#1748,#1788,.T.) ;
#1794=EDGE_CURVE('',#1650,#1750,#1793,.T.) ;
#1818=EDGE_CURVE('',#1768,#1724,#1817,.T.) ;
#1823=EDGE_CURVE('',#1766,#1726,#1822,.T.) ;
#1846=EDGE_CURVE('',#1843,#1845,#1841,.T.) ;
#1851=EDGE_CURVE('',#1845,#1843,#1850,.T.) ;
#1864=EDGE_CURVE('',#1861,#1863,#1859,.T.) ;
#1869=EDGE_CURVE('',#1863,#1861,#1868,.T.) ;
#1884=EDGE_CURVE('',#1673,#1845,#1883,.F.) ;
#1889=EDGE_CURVE('',#1675,#1843,#1888,.F.) ;
#1913=EDGE_CURVE('',#1861,#1703,#1912,.F.) ;
#1918=EDGE_CURVE('',#1863,#1701,#1917,.F.) ;
#1950=EDGE_CURVE('',#1947,#1949,#1945,.T.) ;
#1957=EDGE_CURVE('',#1947,#1956,#1954,.F.) ;
#1964=EDGE_CURVE('',#1956,#1963,#1961,.T.) ;
#1969=EDGE_CURVE('',#1949,#1963,#1968,.F.) ;
#1981=EDGE_CURVE('',#1949,#1947,#1980,.T.) ;
#1986=EDGE_CURVE('',#1963,#1956,#1985,.T.) ;
#2007=EDGE_CURVE('',#2004,#2006,#2002,.T.) ;
#2012=EDGE_CURVE('',#2006,#2004,#2011,.T.) ;
#2039=EDGE_CURVE('',#2036,#2038,#2034,.T.) ;
#2044=EDGE_CURVE('',#2038,#2036,#2043,.T.) ;
#2063=EDGE_CURVE('',#2060,#2062,#2058,.T.) ;
#2070=EDGE_CURVE('',#2069,#2062,#2067,.F.) ;
#2075=EDGE_CURVE('',#2060,#2069,#2074,.T.) ;
#2086=EDGE_CURVE('',#2062,#2069,#2085,.F.) ;
#2104=EDGE_CURVE('',#2062,#2103,#2101,.F.) ;
#2111=EDGE_CURVE('',#2110,#2103,#2108,.T.) ;
#2116=EDGE_CURVE('',#2069,#2110,#2115,.F.) ;
#2128=EDGE_CURVE('',#2103,#2110,#2127,.T.) ;
#2147=EDGE_CURVE('',#2103,#2146,#2144,.T.) ;
#2154=EDGE_CURVE('',#2153,#2146,#2151,.F.) ;
#2159=EDGE_CURVE('',#2110,#2153,#2158,.T.) ;
#2171=EDGE_CURVE('',#2146,#2153,#2170,.F.) ;
#2188=EDGE_CURVE('',#2153,#2038,#2187,.F.) ;
#2193=EDGE_CURVE('',#2146,#2036,#2192,.F.) ;
#2221=EDGE_CURVE('',#2218,#2220,#2216,.T.) ;
#2228=EDGE_CURVE('',#2227,#2220,#2225,.F.) ;
#2235=EDGE_CURVE('',#2234,#2227,#2232,.F.) ;
#2240=EDGE_CURVE('',#2218,#2234,#2239,.T.) ;
#2259=EDGE_CURVE('',#2258,#2234,#2256,.T.) ;
#2264=EDGE_CURVE('',#2220,#2258,#2263,.T.) ;
#2283=EDGE_CURVE('',#2282,#2258,#2280,.F.) ;
#2290=EDGE_CURVE('',#2282,#2289,#2287,.T.) ;
#2295=EDGE_CURVE('',#2289,#2220,#2294,.F.) ;
#2309=EDGE_CURVE('',#2308,#2227,#2306,.F.) ;
#2314=EDGE_CURVE('',#2289,#2308,#2313,.T.) ;
#2335=EDGE_CURVE('',#2332,#2334,#2330,.T.) ;
#2342=EDGE_CURVE('',#2334,#2341,#2339,.T.) ;
#2347=EDGE_CURVE('',#2308,#2341,#2346,.T.) ;
#2352=EDGE_CURVE('',#2332,#2282,#2351,.T.) ;
#2371=EDGE_CURVE('',#2334,#2006,#2370,.F.) ;
#2378=EDGE_CURVE('',#2377,#2004,#2375,.F.) ;
#2385=EDGE_CURVE('',#2384,#2377,#2382,.T.) ;
#2390=EDGE_CURVE('',#2341,#2384,#2389,.F.) ;
#2406=EDGE_CURVE('',#2332,#2405,#2403,.F.) ;
#2411=EDGE_CURVE('',#2377,#2405,#2410,.T.) ;
#2430=EDGE_CURVE('',#2227,#2384,#2429,.T.) ;
#2435=EDGE_CURVE('',#2405,#2258,#2434,.T.) ;
#2479=EDGE_CURVE('',#2476,#2478,#2474,.T.) ;
#2486=EDGE_CURVE('',#2485,#2478,#2483,.T.) ;
#2493=EDGE_CURVE('',#2492,#2485,#2490,.T.) ;
#2498=EDGE_CURVE('',#2492,#2476,#2497,.T.) ;
#2510=EDGE_CURVE('',#2478,#2485,#2509,.T.) ;
#2515=EDGE_CURVE('',#2476,#2492,#2514,.T.) ;
#2531=EDGE_CURVE('',#2528,#2530,#2526,.F.) ;
#2536=EDGE_CURVE('',#2530,#2528,#2535,.F.) ;
#2558=EDGE_CURVE('',#2555,#2557,#2553,.F.) ;
#2563=EDGE_CURVE('',#2557,#2555,#2562,.F.) ;
#2582=EDGE_CURVE('',#2579,#2581,#2577,.T.) ;
#2589=EDGE_CURVE('',#2581,#2588,#2586,.F.) ;
#2594=EDGE_CURVE('',#2579,#2588,#2593,.T.) ;
#2605=EDGE_CURVE('',#2588,#2581,#2604,.F.) ;
#2623=EDGE_CURVE('',#2581,#2622,#2620,.T.) ;
#2630=EDGE_CURVE('',#2622,#2629,#2627,.T.) ;
#2635=EDGE_CURVE('',#2588,#2629,#2634,.T.) ;
#2647=EDGE_CURVE('',#2629,#2622,#2646,.T.) ;
#2666=EDGE_CURVE('',#2622,#2665,#2663,.T.) ;
#2673=EDGE_CURVE('',#2665,#2672,#2670,.F.) ;
#2678=EDGE_CURVE('',#2629,#2672,#2677,.T.) ;
#2690=EDGE_CURVE('',#2672,#2665,#2689,.F.) ;
#2707=EDGE_CURVE('',#2672,#2557,#2706,.T.) ;
#2712=EDGE_CURVE('',#2665,#2555,#2711,.T.) ;
#2740=EDGE_CURVE('',#2737,#2739,#2735,.T.) ;
#2747=EDGE_CURVE('',#2739,#2746,#2744,.F.) ;
#2754=EDGE_CURVE('',#2746,#2753,#2751,.F.) ;
#2759=EDGE_CURVE('',#2737,#2753,#2758,.T.) ;
#2778=EDGE_CURVE('',#2753,#2777,#2775,.T.) ;
#2783=EDGE_CURVE('',#2777,#2739,#2782,.T.) ;
#2802=EDGE_CURVE('',#2801,#2753,#2799,.T.) ;
#2809=EDGE_CURVE('',#2808,#2801,#2806,.T.) ;
#2814=EDGE_CURVE('',#2808,#2777,#2813,.T.) ;
#2828=EDGE_CURVE('',#2801,#2827,#2825,.T.) ;
#2833=EDGE_CURVE('',#2827,#2746,#2832,.T.) ;
#2847=EDGE_CURVE('',#2846,#2808,#2844,.T.) ;
#2854=EDGE_CURVE('',#2827,#2853,#2851,.T.) ;
#2861=EDGE_CURVE('',#2860,#2853,#2858,.F.) ;
#2866=EDGE_CURVE('',#2846,#2860,#2865,.F.) ;
#2887=EDGE_CURVE('',#2853,#2886,#2884,.T.) ;
#2894=EDGE_CURVE('',#2886,#2893,#2891,.T.) ;
#2899=EDGE_CURVE('',#2893,#2530,#2898,.T.) ;
#2904=EDGE_CURVE('',#2860,#2528,#2903,.T.) ;
#2920=EDGE_CURVE('',#2893,#2919,#2917,.T.) ;
#2925=EDGE_CURVE('',#2846,#2919,#2924,.T.) ;
#2939=EDGE_CURVE('',#2919,#2777,#2938,.T.) ;
#2944=EDGE_CURVE('',#2746,#2886,#2943,.T.) ;
#85=EDGE_LOOP('',(#86,#87,#88,#89)) ;
#116=EDGE_LOOP('',(#117,#118,#119,#120)) ;
#140=EDGE_LOOP('',(#141,#142,#143,#144)) ;
#164=EDGE_LOOP('',(#165,#166,#167,#168)) ;
#181=EDGE_LOOP('',(#182,#183,#184,#185)) ;
#221=EDGE_LOOP('',(#222,#223,#224,#225)) ;
#247=EDGE_LOOP('',(#248,#249,#250,#251)) ;
#266=EDGE_LOOP('',(#267,#268,#269,#270)) ;
#285=EDGE_LOOP('',(#286,#287,#288,#289)) ;
#297=EDGE_LOOP('',(#298,#299,#300,#301)) ;
#332=EDGE_LOOP('',(#333,#334,#335,#336)) ;
#363=EDGE_LOOP('',(#364,#365,#366,#367)) ;
#387=EDGE_LOOP('',(#388,#389,#390,#391)) ;
#411=EDGE_LOOP('',(#412,#413,#414,#415)) ;
#428=EDGE_LOOP('',(#429,#430,#431,#432)) ;
#463=EDGE_LOOP('',(#464,#465,#466,#467)) ;
#489=EDGE_LOOP('',(#490,#491,#492,#493)) ;
#508=EDGE_LOOP('',(#509,#510,#511,#512)) ;
#527=EDGE_LOOP('',(#528,#529,#530,#531)) ;
#539=EDGE_LOOP('',(#540,#541,#542,#543)) ;
#579=EDGE_LOOP('',(#580,#581,#582,#583)) ;
#585=EDGE_LOOP('',(#586,#587,#588,#589)) ;
#591=EDGE_LOOP('',(#592,#593,#594,#595)) ;
#631=EDGE_LOOP('',(#632,#633,#634,#635)) ;
#637=EDGE_LOOP('',(#638,#639,#640,#641)) ;
#643=EDGE_LOOP('',(#644,#645,#646,#647)) ;
#674=EDGE_LOOP('',(#675,#676,#677,#678)) ;
#705=EDGE_LOOP('',(#706,#707,#708,#709)) ;
#727=EDGE_LOOP('',(#728,#729,#730,#731)) ;
#758=EDGE_LOOP('',(#759,#760,#761,#762)) ;
#789=EDGE_LOOP('',(#790,#791,#792,#793)) ;
#811=EDGE_LOOP('',(#812,#813,#814,#815)) ;
#823=EDGE_LOOP('',(#824,#825,#826,#827,#828,#829,#830,#831)) ;
#889=EDGE_LOOP('',(#890,#891,#892,#893,#894,#895,#896,#897)) ;
#924=EDGE_LOOP('',(#925,#926,#927,#928)) ;
#948=EDGE_LOOP('',(#949,#950,#951,#952)) ;
#972=EDGE_LOOP('',(#973,#974,#975,#976)) ;
#996=EDGE_LOOP('',(#997,#998,#999,#1000)) ;
#1020=EDGE_LOOP('',(#1021,#1022,#1023,#1024)) ;
#1044=EDGE_LOOP('',(#1045,#1046,#1047,#1048)) ;
#1068=EDGE_LOOP('',(#1069,#1070,#1071,#1072)) ;
#1085=EDGE_LOOP('',(#1086,#1087,#1088,#1089)) ;
#1125=EDGE_LOOP('',(#1126,#1127,#1128,#1129)) ;
#1142=EDGE_LOOP('',(#1143,#1144,#1145,#1146)) ;
#1182=EDGE_LOOP('',(#1183,#1184,#1185,#1186)) ;
#1199=EDGE_LOOP('',(#1200,#1201,#1202,#1203)) ;
#1211=EDGE_LOOP('',(#1212,#1213,#1214,#1215,#1216,#1217,#1218,#1219)) ;
#1277=EDGE_LOOP('',(#1278,#1279,#1280,#1281,#1282,#1283,#1284,#1285)) ;
#1287=EDGE_LOOP('',(#1288,#1289)) ;
#1291=EDGE_LOOP('',(#1292,#1293)) ;
#1320=EDGE_LOOP('',(#1321,#1322,#1323,#1324)) ;
#1344=EDGE_LOOP('',(#1345,#1346,#1347,#1348)) ;
#1368=EDGE_LOOP('',(#1369,#1370,#1371,#1372)) ;
#1392=EDGE_LOOP('',(#1393,#1394,#1395,#1396)) ;
#1416=EDGE_LOOP('',(#1417,#1418,#1419,#1420)) ;
#1440=EDGE_LOOP('',(#1441,#1442,#1443,#1444)) ;
#1464=EDGE_LOOP('',(#1465,#1466,#1467,#1468)) ;
#1481=EDGE_LOOP('',(#1482,#1483,#1484,#1485)) ;
#1493=EDGE_LOOP('',(#1494,#1495,#1496,#1497,#1498,#1499,#1500,#1501)) ;
#1503=EDGE_LOOP('',(#1504,#1505,#1506,#1507,#1508,#1509,#1510,#1511)) ;
#1527=EDGE_LOOP('',(#1528,#1529)) ;
#1545=EDGE_LOOP('',(#1546,#1547)) ;
#1574=EDGE_LOOP('',(#1575,#1576,#1577,#1578)) ;
#1586=EDGE_LOOP('',(#1587,#1588,#1589,#1590)) ;
#1617=EDGE_LOOP('',(#1618,#1619,#1620,#1621)) ;
#1629=EDGE_LOOP('',(#1630,#1631,#1632,#1633)) ;
#1641=EDGE_LOOP('',(#1642,#1643)) ;
#1659=EDGE_LOOP('',(#1660,#1661)) ;
#1664=EDGE_LOOP('',(#1665,#1666)) ;
#1682=EDGE_LOOP('',(#1683,#1684)) ;
#1692=EDGE_LOOP('',(#1693,#1694)) ;
#1710=EDGE_LOOP('',(#1711,#1712)) ;
#1715=EDGE_LOOP('',(#1716,#1717)) ;
#1733=EDGE_LOOP('',(#1734,#1735)) ;
#1757=EDGE_LOOP('',(#1758,#1759)) ;
#1775=EDGE_LOOP('',(#1776,#1777)) ;
#1795=EDGE_LOOP('',(#1796,#1797,#1798,#1799)) ;
#1802=EDGE_LOOP('',(#1803,#1804,#1805,#1806)) ;
#1824=EDGE_LOOP('',(#1825,#1826,#1827,#1828)) ;
#1831=EDGE_LOOP('',(#1832,#1833,#1834,#1835)) ;
#1852=EDGE_LOOP('',(#1853,#1854)) ;
#1870=EDGE_LOOP('',(#1871,#1872)) ;
#1890=EDGE_LOOP('',(#1891,#1892,#1893,#1894)) ;
#1897=EDGE_LOOP('',(#1898,#1899,#1900,#1901)) ;
#1919=EDGE_LOOP('',(#1920,#1921,#1922,#1923)) ;
#1926=EDGE_LOOP('',(#1927,#1928,#1929,#1930)) ;
#1970=EDGE_LOOP('',(#1971,#1972,#1973,#1974)) ;
#1987=EDGE_LOOP('',(#1988,#1989,#1990,#1991)) ;
#2013=EDGE_LOOP('',(#2014,#2015)) ;
#2017=EDGE_LOOP('',(#2018,#2019)) ;
#2027=EDGE_LOOP('',(#2028,#2029)) ;
#2045=EDGE_LOOP('',(#2046,#2047)) ;
#2076=EDGE_LOOP('',(#2077,#2078,#2079)) ;
#2087=EDGE_LOOP('',(#2088,#2089,#2090)) ;
#2117=EDGE_LOOP('',(#2118,#2119,#2120,#2121)) ;
#2129=EDGE_LOOP('',(#2130,#2131,#2132,#2133)) ;
#2160=EDGE_LOOP('',(#2161,#2162,#2163,#2164)) ;
#2172=EDGE_LOOP('',(#2173,#2174,#2175,#2176)) ;
#2194=EDGE_LOOP('',(#2195,#2196,#2197,#2198)) ;
#2201=EDGE_LOOP('',(#2202,#2203,#2204,#2205)) ;
#2241=EDGE_LOOP('',(#2242,#2243,#2244,#2245)) ;
#2265=EDGE_LOOP('',(#2266,#2267,#2268,#2269)) ;
#2296=EDGE_LOOP('',(#2297,#2298,#2299,#2300)) ;
#2315=EDGE_LOOP('',(#2316,#2317,#2318,#2319)) ;
#2353=EDGE_LOOP('',(#2354,#2355,#2356,#2357,#2358,#2359)) ;
#2391=EDGE_LOOP('',(#2392,#2393,#2394,#2395,#2396,#2397)) ;
#2412=EDGE_LOOP('',(#2413,#2414,#2415,#2416,#2417,#2418)) ;
#2436=EDGE_LOOP('',(#2437,#2438,#2439,#2440,#2441,#2442)) ;
#2450=EDGE_LOOP('',(#2451,#2452,#2453,#2454)) ;
#2457=EDGE_LOOP('',(#2458,#2459,#2460,#2461)) ;
#2499=EDGE_LOOP('',(#2500,#2501,#2502,#2503)) ;
#2516=EDGE_LOOP('',(#2517,#2518,#2519,#2520)) ;
#2537=EDGE_LOOP('',(#2538,#2539)) ;
#2541=EDGE_LOOP('',(#2542,#2543)) ;
#2546=EDGE_LOOP('',(#2547,#2548)) ;
#2564=EDGE_LOOP('',(#2565,#2566)) ;
#2595=EDGE_LOOP('',(#2596,#2597,#2598)) ;
#2606=EDGE_LOOP('',(#2607,#2608,#2609)) ;
#2636=EDGE_LOOP('',(#2637,#2638,#2639,#2640)) ;
#2648=EDGE_LOOP('',(#2649,#2650,#2651,#2652)) ;
#2679=EDGE_LOOP('',(#2680,#2681,#2682,#2683)) ;
#2691=EDGE_LOOP('',(#2692,#2693,#2694,#2695)) ;
#2713=EDGE_LOOP('',(#2714,#2715,#2716,#2717)) ;
#2720=EDGE_LOOP('',(#2721,#2722,#2723,#2724)) ;
#2760=EDGE_LOOP('',(#2761,#2762,#2763,#2764)) ;
#2784=EDGE_LOOP('',(#2785,#2786,#2787,#2788)) ;
#2815=EDGE_LOOP('',(#2816,#2817,#2818,#2819)) ;
#2834=EDGE_LOOP('',(#2835,#2836,#2837,#2838)) ;
#2867=EDGE_LOOP('',(#2868,#2869,#2870,#2871,#2872,#2873)) ;
#2905=EDGE_LOOP('',(#2906,#2907,#2908,#2909,#2910,#2911)) ;
#2926=EDGE_LOOP('',(#2927,#2928,#2929,#2930,#2931,#2932)) ;
#2945=EDGE_LOOP('',(#2946,#2947,#2948,#2949,#2950,#2951)) ;
#2959=EDGE_LOOP('',(#2960,#2961,#2962,#2963)) ;
#2966=EDGE_LOOP('',(#2967,#2968,#2969,#2970)) ;
#90=FACE_OUTER_BOUND('',#85,.T.) ;
#121=FACE_OUTER_BOUND('',#116,.T.) ;
#145=FACE_OUTER_BOUND('',#140,.T.) ;
#169=FACE_OUTER_BOUND('',#164,.T.) ;
#186=FACE_OUTER_BOUND('',#181,.T.) ;
#226=FACE_OUTER_BOUND('',#221,.T.) ;
#252=FACE_OUTER_BOUND('',#247,.T.) ;
#271=FACE_OUTER_BOUND('',#266,.T.) ;
#290=FACE_OUTER_BOUND('',#285,.T.) ;
#302=FACE_OUTER_BOUND('',#297,.T.) ;
#337=FACE_OUTER_BOUND('',#332,.T.) ;
#368=FACE_OUTER_BOUND('',#363,.T.) ;
#392=FACE_OUTER_BOUND('',#387,.T.) ;
#416=FACE_OUTER_BOUND('',#411,.T.) ;
#433=FACE_OUTER_BOUND('',#428,.T.) ;
#468=FACE_OUTER_BOUND('',#463,.T.) ;
#494=FACE_OUTER_BOUND('',#489,.T.) ;
#513=FACE_OUTER_BOUND('',#508,.T.) ;
#532=FACE_OUTER_BOUND('',#527,.T.) ;
#544=FACE_OUTER_BOUND('',#539,.T.) ;
#584=FACE_OUTER_BOUND('',#579,.T.) ;
#636=FACE_OUTER_BOUND('',#631,.T.) ;
#679=FACE_OUTER_BOUND('',#674,.T.) ;
#710=FACE_OUTER_BOUND('',#705,.T.) ;
#732=FACE_OUTER_BOUND('',#727,.T.) ;
#763=FACE_OUTER_BOUND('',#758,.T.) ;
#794=FACE_OUTER_BOUND('',#789,.T.) ;
#816=FACE_OUTER_BOUND('',#811,.T.) ;
#832=FACE_OUTER_BOUND('',#823,.T.) ;
#929=FACE_OUTER_BOUND('',#924,.T.) ;
#953=FACE_OUTER_BOUND('',#948,.T.) ;
#977=FACE_OUTER_BOUND('',#972,.T.) ;
#1001=FACE_OUTER_BOUND('',#996,.T.) ;
#1025=FACE_OUTER_BOUND('',#1020,.T.) ;
#1049=FACE_OUTER_BOUND('',#1044,.T.) ;
#1073=FACE_OUTER_BOUND('',#1068,.T.) ;
#1090=FACE_OUTER_BOUND('',#1085,.T.) ;
#1130=FACE_OUTER_BOUND('',#1125,.T.) ;
#1147=FACE_OUTER_BOUND('',#1142,.T.) ;
#1187=FACE_OUTER_BOUND('',#1182,.T.) ;
#1204=FACE_OUTER_BOUND('',#1199,.T.) ;
#1220=FACE_OUTER_BOUND('',#1211,.T.) ;
#1325=FACE_OUTER_BOUND('',#1320,.T.) ;
#1349=FACE_OUTER_BOUND('',#1344,.T.) ;
#1373=FACE_OUTER_BOUND('',#1368,.T.) ;
#1397=FACE_OUTER_BOUND('',#1392,.T.) ;
#1421=FACE_OUTER_BOUND('',#1416,.T.) ;
#1445=FACE_OUTER_BOUND('',#1440,.T.) ;
#1469=FACE_OUTER_BOUND('',#1464,.T.) ;
#1486=FACE_OUTER_BOUND('',#1481,.T.) ;
#1502=FACE_OUTER_BOUND('',#1493,.T.) ;
#1579=FACE_OUTER_BOUND('',#1574,.T.) ;
#1591=FACE_OUTER_BOUND('',#1586,.T.) ;
#1622=FACE_OUTER_BOUND('',#1617,.T.) ;
#1634=FACE_OUTER_BOUND('',#1629,.T.) ;
#1644=FACE_OUTER_BOUND('',#1641,.T.) ;
#1667=FACE_OUTER_BOUND('',#1664,.T.) ;
#1695=FACE_OUTER_BOUND('',#1692,.T.) ;
#1718=FACE_OUTER_BOUND('',#1715,.T.) ;
#1760=FACE_OUTER_BOUND('',#1757,.T.) ;
#1800=FACE_OUTER_BOUND('',#1795,.T.) ;
#1807=FACE_OUTER_BOUND('',#1802,.T.) ;
#1829=FACE_OUTER_BOUND('',#1824,.T.) ;
#1836=FACE_OUTER_BOUND('',#1831,.T.) ;
#1855=FACE_OUTER_BOUND('',#1852,.T.) ;
#1895=FACE_OUTER_BOUND('',#1890,.T.) ;
#1902=FACE_OUTER_BOUND('',#1897,.T.) ;
#1924=FACE_OUTER_BOUND('',#1919,.T.) ;
#1931=FACE_OUTER_BOUND('',#1926,.T.) ;
#1975=FACE_OUTER_BOUND('',#1970,.T.) ;
#1992=FACE_OUTER_BOUND('',#1987,.T.) ;
#2016=FACE_OUTER_BOUND('',#2013,.T.) ;
#2030=FACE_OUTER_BOUND('',#2027,.T.) ;
#2080=FACE_OUTER_BOUND('',#2076,.T.) ;
#2091=FACE_OUTER_BOUND('',#2087,.T.) ;
#2122=FACE_OUTER_BOUND('',#2117,.T.) ;
#2134=FACE_OUTER_BOUND('',#2129,.T.) ;
#2165=FACE_OUTER_BOUND('',#2160,.T.) ;
#2177=FACE_OUTER_BOUND('',#2172,.T.) ;
#2199=FACE_OUTER_BOUND('',#2194,.T.) ;
#2206=FACE_OUTER_BOUND('',#2201,.T.) ;
#2246=FACE_OUTER_BOUND('',#2241,.T.) ;
#2270=FACE_OUTER_BOUND('',#2265,.T.) ;
#2301=FACE_OUTER_BOUND('',#2296,.T.) ;
#2320=FACE_OUTER_BOUND('',#2315,.T.) ;
#2360=FACE_OUTER_BOUND('',#2353,.T.) ;
#2398=FACE_OUTER_BOUND('',#2391,.T.) ;
#2419=FACE_OUTER_BOUND('',#2412,.T.) ;
#2443=FACE_OUTER_BOUND('',#2436,.T.) ;
#2455=FACE_OUTER_BOUND('',#2450,.T.) ;
#2462=FACE_OUTER_BOUND('',#2457,.T.) ;
#2504=FACE_OUTER_BOUND('',#2499,.T.) ;
#2521=FACE_OUTER_BOUND('',#2516,.T.) ;
#2540=FACE_OUTER_BOUND('',#2537,.T.) ;
#2549=FACE_OUTER_BOUND('',#2546,.T.) ;
#2599=FACE_OUTER_BOUND('',#2595,.T.) ;
#2610=FACE_OUTER_BOUND('',#2606,.T.) ;
#2641=FACE_OUTER_BOUND('',#2636,.T.) ;
#2653=FACE_OUTER_BOUND('',#2648,.T.) ;
#2684=FACE_OUTER_BOUND('',#2679,.T.) ;
#2696=FACE_OUTER_BOUND('',#2691,.T.) ;
#2718=FACE_OUTER_BOUND('',#2713,.T.) ;
#2725=FACE_OUTER_BOUND('',#2720,.T.) ;
#2765=FACE_OUTER_BOUND('',#2760,.T.) ;
#2789=FACE_OUTER_BOUND('',#2784,.T.) ;
#2820=FACE_OUTER_BOUND('',#2815,.T.) ;
#2839=FACE_OUTER_BOUND('',#2834,.T.) ;
#2874=FACE_OUTER_BOUND('',#2867,.T.) ;
#2912=FACE_OUTER_BOUND('',#2905,.T.) ;
#2933=FACE_OUTER_BOUND('',#2926,.T.) ;
#2952=FACE_OUTER_BOUND('',#2945,.T.) ;
#2964=FACE_OUTER_BOUND('',#2959,.T.) ;
#2971=FACE_OUTER_BOUND('',#2966,.T.) ;
#45=UNCERTAINTY_MEASURE_WITH_UNIT(LENGTH_MEASURE(0.005),#41,'distance_accuracy_value','CONFUSED CURVE UNCERTAINTY') ;
#60=LINE('Line',#57,#59) ;
#69=LINE('Line',#66,#68) ;
#76=LINE('Line',#73,#75) ;
#83=LINE('Line',#80,#82) ;
#100=LINE('Line',#97,#99) ;
#107=LINE('Line',#104,#106) ;
#114=LINE('Line',#111,#113) ;
#131=LINE('Line',#128,#130) ;
#138=LINE('Line',#135,#137) ;
#155=LINE('Line',#152,#154) ;
#162=LINE('Line',#159,#161) ;
#179=LINE('Line',#176,#178) ;
#196=LINE('Line',#193,#195) ;
#205=LINE('Line',#202,#204) ;
#212=LINE('Line',#209,#211) ;
#219=LINE('Line',#216,#218) ;
#231=LINE('Line',#228,#230) ;
#238=LINE('Line',#235,#237) ;
#245=LINE('Line',#242,#244) ;
#257=LINE('Line',#254,#256) ;
#264=LINE('Line',#261,#263) ;
#276=LINE('Line',#273,#275) ;
#283=LINE('Line',#280,#282) ;
#295=LINE('Line',#292,#294) ;
#307=LINE('Line',#304,#306) ;
#316=LINE('Line',#313,#315) ;
#323=LINE('Line',#320,#322) ;
#330=LINE('Line',#327,#329) ;
#347=LINE('Line',#344,#346) ;
#354=LINE('Line',#351,#353) ;
#361=LINE('Line',#358,#360) ;
#378=LINE('Line',#375,#377) ;
#385=LINE('Line',#382,#384) ;
#402=LINE('Line',#399,#401) ;
#409=LINE('Line',#406,#408) ;
#426=LINE('Line',#423,#425) ;
#438=LINE('Line',#435,#437) ;
#447=LINE('Line',#444,#446) ;
#454=LINE('Line',#451,#453) ;
#461=LINE('Line',#458,#460) ;
#473=LINE('Line',#470,#472) ;
#480=LINE('Line',#477,#479) ;
#487=LINE('Line',#484,#486) ;
#499=LINE('Line',#496,#498) ;
#506=LINE('Line',#503,#505) ;
#518=LINE('Line',#515,#517) ;
#525=LINE('Line',#522,#524) ;
#537=LINE('Line',#534,#536) ;
#554=LINE('Line',#551,#553) ;
#563=LINE('Line',#560,#562) ;
#570=LINE('Line',#567,#569) ;
#577=LINE('Line',#574,#576) ;
#606=LINE('Line',#603,#605) ;
#615=LINE('Line',#612,#614) ;
#622=LINE('Line',#619,#621) ;
#629=LINE('Line',#626,#628) ;
#658=LINE('Line',#655,#657) ;
#665=LINE('Line',#662,#664) ;
#672=LINE('Line',#669,#671) ;
#689=LINE('Line',#686,#688) ;
#696=LINE('Line',#693,#695) ;
#703=LINE('Line',#700,#702) ;
#720=LINE('Line',#717,#719) ;
#725=LINE('Line',#722,#724) ;
#756=LINE('Line',#753,#755) ;
#773=LINE('Line',#770,#772) ;
#780=LINE('Line',#777,#779) ;
#787=LINE('Line',#784,#786) ;
#836=LINE('Line',#833,#835) ;
#852=LINE('Line',#849,#851) ;
#859=LINE('Line',#856,#858) ;
#866=LINE('Line',#863,#865) ;
#873=LINE('Line',#870,#872) ;
#880=LINE('Line',#877,#879) ;
#908=LINE('Line',#905,#907) ;
#922=LINE('Line',#919,#921) ;
#939=LINE('Line',#936,#938) ;
#946=LINE('Line',#943,#945) ;
#970=LINE('Line',#967,#969) ;
#987=LINE('Line',#984,#986) ;
#994=LINE('Line',#991,#993) ;
#1011=LINE('Line',#1008,#1010) ;
#1018=LINE('Line',#1015,#1017) ;
#1035=LINE('Line',#1032,#1034) ;
#1042=LINE('Line',#1039,#1041) ;
#1059=LINE('Line',#1056,#1058) ;
#1066=LINE('Line',#1063,#1065) ;
#1083=LINE('Line',#1080,#1082) ;
#1109=LINE('Line',#1106,#1108) ;
#1123=LINE('Line',#1120,#1122) ;
#1166=LINE('Line',#1163,#1165) ;
#1180=LINE('Line',#1177,#1179) ;
#1233=LINE('Line',#1230,#1232) ;
#1261=LINE('Line',#1258,#1260) ;
#1304=LINE('Line',#1301,#1303) ;
#1311=LINE('Line',#1308,#1310) ;
#1342=LINE('Line',#1339,#1341) ;
#1359=LINE('Line',#1356,#1358) ;
#1366=LINE('Line',#1363,#1365) ;
#1383=LINE('Line',#1380,#1382) ;
#1407=LINE('Line',#1404,#1406) ;
#1431=LINE('Line',#1428,#1430) ;
#1438=LINE('Line',#1435,#1437) ;
#1462=LINE('Line',#1459,#1461) ;
#1558=LINE('Line',#1555,#1557) ;
#1572=LINE('Line',#1569,#1571) ;
#1601=LINE('Line',#1598,#1600) ;
#1615=LINE('Line',#1612,#1614) ;
#1788=LINE('Line',#1785,#1787) ;
#1793=LINE('Line',#1790,#1792) ;
#1817=LINE('Line',#1814,#1816) ;
#1822=LINE('Line',#1819,#1821) ;
#1883=LINE('Line',#1880,#1882) ;
#1888=LINE('Line',#1885,#1887) ;
#1912=LINE('Line',#1909,#1911) ;
#1917=LINE('Line',#1914,#1916) ;
#1954=LINE('Line',#1951,#1953) ;
#1968=LINE('Line',#1965,#1967) ;
#2058=LINE('Line',#2055,#2057) ;
#2074=LINE('Line',#2071,#2073) ;
#2101=LINE('Line',#2098,#2100) ;
#2115=LINE('Line',#2112,#2114) ;
#2144=LINE('Line',#2141,#2143) ;
#2158=LINE('Line',#2155,#2157) ;
#2187=LINE('Line',#2184,#2186) ;
#2192=LINE('Line',#2189,#2191) ;
#2216=LINE('Line',#2213,#2215) ;
#2239=LINE('Line',#2236,#2238) ;
#2280=LINE('Line',#2277,#2279) ;
#2294=LINE('Line',#2291,#2293) ;
#2306=LINE('Line',#2303,#2305) ;
#2346=LINE('Line',#2343,#2345) ;
#2351=LINE('Line',#2348,#2350) ;
#2370=LINE('Line',#2367,#2369) ;
#2375=LINE('Line',#2372,#2374) ;
#2389=LINE('Line',#2386,#2388) ;
#2403=LINE('Line',#2400,#2402) ;
#2429=LINE('Line',#2426,#2428) ;
#2434=LINE('Line',#2431,#2433) ;
#2474=LINE('Line',#2471,#2473) ;
#2490=LINE('Line',#2487,#2489) ;
#2577=LINE('Line',#2574,#2576) ;
#2593=LINE('Line',#2590,#2592) ;
#2620=LINE('Line',#2617,#2619) ;
#2634=LINE('Line',#2631,#2633) ;
#2663=LINE('Line',#2660,#2662) ;
#2677=LINE('Line',#2674,#2676) ;
#2706=LINE('Line',#2703,#2705) ;
#2711=LINE('Line',#2708,#2710) ;
#2735=LINE('Line',#2732,#2734) ;
#2758=LINE('Line',#2755,#2757) ;
#2799=LINE('Line',#2796,#2798) ;
#2813=LINE('Line',#2810,#2812) ;
#2832=LINE('Line',#2829,#2831) ;
#2844=LINE('Line',#2841,#2843) ;
#2851=LINE('Line',#2848,#2850) ;
#2884=LINE('Line',#2881,#2883) ;
#2898=LINE('Line',#2895,#2897) ;
#2903=LINE('Line',#2900,#2902) ;
#2924=LINE('Line',#2921,#2923) ;
#2938=LINE('Line',#2935,#2937) ;
#2943=LINE('Line',#2940,#2942) ;
#2=MECHANICAL_CONTEXT(' ',#1,'mechanical') ;
#24=PERSONAL_ADDRESS(' ',' ',' ',' ',' ',' ',' ',' ',' ',' ',' ',' ',(#22),' ') ;
#56=PLANE('Plane',#55) ;
#96=PLANE('Plane',#95) ;
#127=PLANE('Plane',#126) ;
#151=PLANE('Plane',#150) ;
#175=PLANE('Plane',#174) ;
#192=PLANE('Plane',#191) ;
#343=PLANE('Plane',#342) ;
#374=PLANE('Plane',#373) ;
#398=PLANE('Plane',#397) ;
#422=PLANE('Plane',#421) ;
#550=PLANE('Plane',#549) ;
#602=PLANE('Plane',#601) ;
#654=PLANE('Plane',#653) ;
#685=PLANE('Plane',#684) ;
#716=PLANE('Plane',#715) ;
#769=PLANE('Plane',#768) ;
#822=PLANE('Plane',#821) ;
#935=PLANE('Plane',#934) ;
#983=PLANE('Plane',#982) ;
#1007=PLANE('Plane',#1006) ;
#1031=PLANE('Plane',#1030) ;
#1055=PLANE('Plane',#1054) ;
#1079=PLANE('Plane',#1078) ;
#1210=PLANE('Plane',#1209) ;
#1355=PLANE('Plane',#1354) ;
#1427=PLANE('Plane',#1426) ;
#1492=PLANE('Plane',#1491) ;
#1640=PLANE('Plane',#1639) ;
#1691=PLANE('Plane',#1690) ;
#1742=PLANE('Plane',#1741) ;
#1998=PLANE('Plane',#1997) ;
#2026=PLANE('Plane',#2025) ;
#2326=PLANE('Plane',#2325) ;
#2425=PLANE('Plane',#2424) ;
#2449=PLANE('Plane',#2448) ;
#2958=PLANE('Plane',#2957) ;
#43=PLANE_ANGLE_MEASURE_WITH_UNIT(PLANE_ANGLE_MEASURE(0.0174532925199),#42) ;
#7=PRODUCT_CATEGORY('part',$) ;
#9=PRODUCT_CATEGORY_RELATIONSHIP(' ',' ',#7,#8) ;
#6=PRODUCT_DEFINITION_FORMATION_WITH_SPECIFIED_SOURCE('',' ',#5,.NOT_KNOWN.) ;
#8=PRODUCT_RELATED_PRODUCT_CATEGORY('detail',$,(#5)) ;
#50=SHAPE_DEFINITION_REPRESENTATION(#40,#49) ;
#62=VERTEX_POINT('',#61) ;
#64=VERTEX_POINT('',#63) ;
#71=VERTEX_POINT('',#70) ;
#78=VERTEX_POINT('',#77) ;
#102=VERTEX_POINT('',#101) ;
#109=VERTEX_POINT('',#108) ;
#133=VERTEX_POINT('',#132) ;
#157=VERTEX_POINT('',#156) ;
#198=VERTEX_POINT('',#197) ;
#200=VERTEX_POINT('',#199) ;
#207=VERTEX_POINT('',#206) ;
#214=VERTEX_POINT('',#213) ;
#233=VERTEX_POINT('',#232) ;
#240=VERTEX_POINT('',#239) ;
#259=VERTEX_POINT('',#258) ;
#278=VERTEX_POINT('',#277) ;
#309=VERTEX_POINT('',#308) ;
#311=VERTEX_POINT('',#310) ;
#318=VERTEX_POINT('',#317) ;
#325=VERTEX_POINT('',#324) ;
#349=VERTEX_POINT('',#348) ;
#356=VERTEX_POINT('',#355) ;
#380=VERTEX_POINT('',#379) ;
#404=VERTEX_POINT('',#403) ;
#440=VERTEX_POINT('',#439) ;
#442=VERTEX_POINT('',#441) ;
#449=VERTEX_POINT('',#448) ;
#456=VERTEX_POINT('',#455) ;
#475=VERTEX_POINT('',#474) ;
#482=VERTEX_POINT('',#481) ;
#501=VERTEX_POINT('',#500) ;
#520=VERTEX_POINT('',#519) ;
#556=VERTEX_POINT('',#555) ;
#558=VERTEX_POINT('',#557) ;
#565=VERTEX_POINT('',#564) ;
#572=VERTEX_POINT('',#571) ;
#608=VERTEX_POINT('',#607) ;
#610=VERTEX_POINT('',#609) ;
#617=VERTEX_POINT('',#616) ;
#624=VERTEX_POINT('',#623) ;
#660=VERTEX_POINT('',#659) ;
#667=VERTEX_POINT('',#666) ;
#691=VERTEX_POINT('',#690) ;
#698=VERTEX_POINT('',#697) ;
#744=VERTEX_POINT('',#743) ;
#751=VERTEX_POINT('',#750) ;
#775=VERTEX_POINT('',#774) ;
#782=VERTEX_POINT('',#781) ;
#838=VERTEX_POINT('',#837) ;
#840=VERTEX_POINT('',#839) ;
#847=VERTEX_POINT('',#846) ;
#854=VERTEX_POINT('',#853) ;
#861=VERTEX_POINT('',#860) ;
#868=VERTEX_POINT('',#867) ;
#875=VERTEX_POINT('',#874) ;
#882=VERTEX_POINT('',#881) ;
#910=VERTEX_POINT('',#909) ;
#917=VERTEX_POINT('',#916) ;
#941=VERTEX_POINT('',#940) ;
#965=VERTEX_POINT('',#964) ;
#989=VERTEX_POINT('',#988) ;
#1013=VERTEX_POINT('',#1012) ;
#1037=VERTEX_POINT('',#1036) ;
#1061=VERTEX_POINT('',#1060) ;
#1102=VERTEX_POINT('',#1101) ;
#1104=VERTEX_POINT('',#1103) ;
#1111=VERTEX_POINT('',#1110) ;
#1118=VERTEX_POINT('',#1117) ;
#1159=VERTEX_POINT('',#1158) ;
#1161=VERTEX_POINT('',#1160) ;
#1168=VERTEX_POINT('',#1167) ;
#1175=VERTEX_POINT('',#1174) ;
#1226=VERTEX_POINT('',#1225) ;
#1228=VERTEX_POINT('',#1227) ;
#1235=VERTEX_POINT('',#1234) ;
#1242=VERTEX_POINT('',#1241) ;
#1249=VERTEX_POINT('',#1248) ;
#1256=VERTEX_POINT('',#1255) ;
#1263=VERTEX_POINT('',#1262) ;
#1270=VERTEX_POINT('',#1269) ;
#1306=VERTEX_POINT('',#1305) ;
#1313=VERTEX_POINT('',#1312) ;
#1337=VERTEX_POINT('',#1336) ;
#1361=VERTEX_POINT('',#1360) ;
#1385=VERTEX_POINT('',#1384) ;
#1409=VERTEX_POINT('',#1408) ;
#1433=VERTEX_POINT('',#1432) ;
#1457=VERTEX_POINT('',#1456) ;
#1518=VERTEX_POINT('',#1517) ;
#1520=VERTEX_POINT('',#1519) ;
#1536=VERTEX_POINT('',#1535) ;
#1538=VERTEX_POINT('',#1537) ;
#1560=VERTEX_POINT('',#1559) ;
#1567=VERTEX_POINT('',#1566) ;
#1603=VERTEX_POINT('',#1602) ;
#1610=VERTEX_POINT('',#1609) ;
#1650=VERTEX_POINT('',#1649) ;
#1652=VERTEX_POINT('',#1651) ;
#1673=VERTEX_POINT('',#1672) ;
#1675=VERTEX_POINT('',#1674) ;
#1701=VERTEX_POINT('',#1700) ;
#1703=VERTEX_POINT('',#1702) ;
#1724=VERTEX_POINT('',#1723) ;
#1726=VERTEX_POINT('',#1725) ;
#1748=VERTEX_POINT('',#1747) ;
#1750=VERTEX_POINT('',#1749) ;
#1766=VERTEX_POINT('',#1765) ;
#1768=VERTEX_POINT('',#1767) ;
#1843=VERTEX_POINT('',#1842) ;
#1845=VERTEX_POINT('',#1844) ;
#1861=VERTEX_POINT('',#1860) ;
#1863=VERTEX_POINT('',#1862) ;
#1947=VERTEX_POINT('',#1946) ;
#1949=VERTEX_POINT('',#1948) ;
#1956=VERTEX_POINT('',#1955) ;
#1963=VERTEX_POINT('',#1962) ;
#2004=VERTEX_POINT('',#2003) ;
#2006=VERTEX_POINT('',#2005) ;
#2036=VERTEX_POINT('',#2035) ;
#2038=VERTEX_POINT('',#2037) ;
#2060=VERTEX_POINT('',#2059) ;
#2062=VERTEX_POINT('',#2061) ;
#2069=VERTEX_POINT('',#2068) ;
#2103=VERTEX_POINT('',#2102) ;
#2110=VERTEX_POINT('',#2109) ;
#2146=VERTEX_POINT('',#2145) ;
#2153=VERTEX_POINT('',#2152) ;
#2218=VERTEX_POINT('',#2217) ;
#2220=VERTEX_POINT('',#2219) ;
#2227=VERTEX_POINT('',#2226) ;
#2234=VERTEX_POINT('',#2233) ;
#2258=VERTEX_POINT('',#2257) ;
#2282=VERTEX_POINT('',#2281) ;
#2289=VERTEX_POINT('',#2288) ;
#2308=VERTEX_POINT('',#2307) ;
#2332=VERTEX_POINT('',#2331) ;
#2334=VERTEX_POINT('',#2333) ;
#2341=VERTEX_POINT('',#2340) ;
#2377=VERTEX_POINT('',#2376) ;
#2384=VERTEX_POINT('',#2383) ;
#2405=VERTEX_POINT('',#2404) ;
#2476=VERTEX_POINT('',#2475) ;
#2478=VERTEX_POINT('',#2477) ;
#2485=VERTEX_POINT('',#2484) ;
#2492=VERTEX_POINT('',#2491) ;
#2528=VERTEX_POINT('',#2527) ;
#2530=VERTEX_POINT('',#2529) ;
#2555=VERTEX_POINT('',#2554) ;
#2557=VERTEX_POINT('',#2556) ;
#2579=VERTEX_POINT('',#2578) ;
#2581=VERTEX_POINT('',#2580) ;
#2588=VERTEX_POINT('',#2587) ;
#2622=VERTEX_POINT('',#2621) ;
#2629=VERTEX_POINT('',#2628) ;
#2665=VERTEX_POINT('',#2664) ;
#2672=VERTEX_POINT('',#2671) ;
#2737=VERTEX_POINT('',#2736) ;
#2739=VERTEX_POINT('',#2738) ;
#2746=VERTEX_POINT('',#2745) ;
#2753=VERTEX_POINT('',#2752) ;
#2777=VERTEX_POINT('',#2776) ;
#2801=VERTEX_POINT('',#2800) ;
#2808=VERTEX_POINT('',#2807) ;
#2827=VERTEX_POINT('',#2826) ;
#2846=VERTEX_POINT('',#2845) ;
#2853=VERTEX_POINT('',#2852) ;
#2860=VERTEX_POINT('',#2859) ;
#2886=VERTEX_POINT('',#2885) ;
#2893=VERTEX_POINT('',#2892) ;
#2919=VERTEX_POINT('',#2918) ;
#41=(LENGTH_UNIT()NAMED_UNIT(*)SI_UNIT(.MILLI.,.METRE.)) ;
#42=(NAMED_UNIT(*)PLANE_ANGLE_UNIT()SI_UNIT($,.RADIAN.)) ;
#44=(NAMED_UNIT(*)SI_UNIT($,.STERADIAN.)SOLID_ANGLE_UNIT()) ;
#46=(GEOMETRIC_REPRESENTATION_CONTEXT(3)GLOBAL_UNCERTAINTY_ASSIGNED_CONTEXT((#45))GLOBAL_UNIT_ASSIGNED_CONTEXT((#41,#42,#44))REPRESENTATION_CONTEXT(' ',' ')) ;
ENDSEC;
END-ISO-10303-21;
