{"mean": [275411.14098230476, 291803.84590107773, 0.38114531028724946, 0.037004409784175456, 131148.27704844586, 295082.49836012855, 1288526.7688503002, 11.245535667202187, 9.34467515979982, 1.4024479397199061, 0.4442196500016103, 11.849606671226965, 0.7896545352007869, 32.677622591744345, 1.2380321889707049, 2.2715293753072547, 0.5362948387340759, 0.1523095656874941, 0.733525529008605, 3.102514719392533, 4.570864746459469, 0.4426229508196721, 0.6786885245901639, 0.7442622950819672, 0.5639344262295082, 0.6229508196721312, 0.8688524590163934, 3.501639344262295, 8.973770491803279, 23.547540983606556, 1.5836065573770493, 0.659016393442623, 7.678688524590164, 0.8327868852459016, 96.33114754098361, 491.7245901639344, 3123.881967213115, 3223.232786885246, 3471.2131147540986, 1409.0032786885247, 4927.3442622950815, 4448.865573770492, 3172.481967213115, 1337.3245901639343, 150.8360655737705, 5405.4065573770495, 119.1016393442623, 46339.881967213114, 7086.2786885245905, 2906.481967213115, 445.9213114754098, 448.82295081967214, 180.34754098360656, 362.8983606557377, 635.6327868852459, 1185.5836065573772, 304.472131147541, 79.41967213114754, 9416.704918032787, 246.35737704918031], "std": [639839.5150851703, 454591.8985270649, 0.015370473432175728, 0.015288562651850366, 337561.35799522337, 456079.25448894664, 1741120.91614924, 0.39246439416955176, 0.1222264678441982, 0.0038542527218587506, 0.0022790409228757203, 0.3930572013246575, 0.03271967187485473, 0.4326736494824019, 0.04385288438301842, 0.03101102816891741, 0.004073022668042727, 0.004838183442999921, 0.02998149464303917, 0.1475592755967253, 0.08589561658628714, 0.4966969641817414, 0.46698009719878986, 0.44372661431389354, 0.5522035698773844, 0.5109917848054631, 0.356458437375132, 0.49999731254316737, 0.5662362477884921, 1.2032206177080407, 0.49296038741825676, 0.5138657888121989, 0.8425400227100863, 0.3818511045650003, 5.0776120947537, 17.312069661931684, 106.04560959399905, 102.50201872672038, 128.82132940616015, 54.91904613696843, 196.3635208055313, 184.49123208563074, 137.39322710798538, 57.55849100807902, 6.859193490488692, 485.65379825579396, 7.170030793158807, 1288.0537736341519, 151.09106266736023, 69.33402521033796, 27.473869044006985, 16.556355754900498, 4.43427804970447, 9.875262881801262, 25.276495407831366, 54.72578791029491, 8.268449438313569, 2.571139931672269, 302.9219855343537, 13.34904010813712]}